id,sku,price
5.68E+13,KD28982,0.86
5.68E+13,KD31741,2.99
5.68E+13,KD31751,1.05
5.68E+13,KD31748,1.49
5.68E+13,KD31749,1.49
5.68E+13,KD03896,0.75
5.68E+13,KD03645,0.26
5.68E+13,KD03646,0.26
5.68E+13,KD03616,0.79
5.68E+13,KD03579,0.85
5.68E+13,KD32693,0.85
5.68E+13,KTY5070,0.75
5.68E+13,T1224,0.69
5.68E+13,T5680,0.7
5.68E+13,HTI0002116,1.32
5.68E+13,TY3659,0.69
5.68E+13,T4018,1.05
5.68E+13,T6067,0.89
5.68E+13,T4019,0.49
5.68E+13,T5113,0.82
5.68E+13,T4052,0.69
5.68E+13,T4049,0.69
5.68E+13,KD11010,1.39
5.68E+13,T1084,0.69
5.68E+13,T6179,2.32
5.68E+13,TA5786,0.59
5.68E+13,KD00830,0.79
5.68E+13,TA5787,0.62
5.68E+13,KD12748,0.52
5.68E+13,T5455,0.79
5.68E+13,KD17161,0.73
5.68E+13,TA5758,0.81
5.68E+13,KD11009,1.39
5.68E+13,TA5788,0.63
5.68E+13,TA5752,0.55
5.68E+13,6822,0.72
5.68E+13,KD13161,6.99
5.68E+13,KD12735,0.52
5.68E+13,KD13897,0.5
5.68E+13,KD12705,0.52
5.68E+13,KD13092,0.49
5.68E+13,KD12736,0.49
5.68E+13,KD12754,0.49
5.68E+13,KD13849,2.42
5.68E+13,4251,0.65
5.68E+13,T6225,0.69
5.68E+13,802896,0.69
5.68E+13,TA5783,0.59
5.68E+13,KD00773,2.08
5.68E+13,P2133,0.55
5.68E+13,KD12699,3.36
5.68E+13,KD12737,0.49
5.68E+13,TA9622,0.33
5.68E+13,T5024,0.95
5.68E+13,T5023,0.57
5.68E+13,T5125,1.99
5.68E+13,KD23165,3.99
5.68E+13,KD24598,6.99
5.68E+13,KD01215,5.79
5.68E+13,T5933,0.55
5.68E+13,KD00746,1.99
5.68E+13,5148,0.69
5.68E+13,T5126,1.09
5.68E+13,8383GOLD,2.03
5.68E+13,8387S,2.03
5.68E+13,KD00810,0.39
5.68E+13,TY660,4.15
5.68E+13,KD14088,4.99
5.68E+13,KD29486,3.29
5.68E+13,KD13781,0.5
5.68E+13,KD00726,0.7
5.68E+13,K9554,0.75
5.68E+13,KD31668,1.75
5.68E+13,KD22704,0.69
5.68E+13,6838,0.79
5.68E+13,KD12739,0.78
5.68E+13,T5922,1.82
5.68E+13,TA5785,0.7
5.68E+13,T5121,0.69
5.68E+13,KD20361,0.79
5.68E+13,T5109,0.72
5.68E+13,TY2420,0.65
5.68E+13,4357POINGOLD,0.44
5.68E+13,KD13903,0.7
5.68E+13,4357ELF,0.44
5.68E+13,4357GOLDSTR,0.44
5.68E+13,8231,0.63
5.68E+13,4357ROBINGOLD,0.48
5.68E+13,4357SILSTR,0.55
5.68E+13,KD12747,6.25
5.68E+13,KD11567,9.49
5.68E+13,KD14089,0.69
5.68E+13,KD12752,0.49
5.68E+13,KD12707,0.52
5.68E+13,T4676,0.49
5.68E+13,KD11569,3.7
5.68E+13,KD14234,0.7
5.68E+13,KD21548,0.65
5.68E+13,KD21547,0.65
5.68E+13,T5910,0.69
5.68E+13,KD25335,5.79
5.68E+13,KD25334,5.19
5.68E+13,KD25333,3.79
5.68E+13,KD25332,2.39
5.68E+13,KD00796,1.92
5.68E+13,T5931,0.59
5.68E+13,9920RED,0.97
5.68E+13,8801,0.69
5.68E+13,KD31568,0.69
5.68E+13,T4068,0.69
5.68E+13,6038,0.65
5.68E+13,CR0413S,0.69
5.68E+13,T4673,0.65
5.68E+13,KD12969,0.49
5.68E+13,KD13146,0.62
5.68E+13,KD12734,0.49
5.68E+13,KD11570,2.77
5.68E+13,KD13869,0.89
5.68E+13,KD11568,3.15
5.68E+13,KD04749,2.25
5.68E+13,KD18267,5.55
5.68E+13,KD29595,4.15
5.68E+13,TY792,5.59
5.68E+13,TY5903,0.59
5.68E+13,KSTCK1,0.69
5.68E+13,KD12740,0.55
5.68E+13,KD11565,0.69
5.68E+13,KD13147,1.79
5.68E+13,TY7245,1.57
5.68E+13,KD13097,0.69
5.68E+13,KD16888,0.49
5.68E+13,KD12696,0.55
5.68E+13,T1000,0.69
5.68E+13,T5123,0.72
5.68E+13,T1104,0.69
5.68E+13,KD29593,0.65
5.68E+13,KD00771,3.87
5.68E+13,KD00770,2.99
5.68E+13,KD12302,1.07
5.68E+13,TY2525,0.91
5.68E+13,KD00814,3.87
5.68E+13,KD29594,5.55
5.68E+13,P2431,0.65
5.68E+13,KD00827,1.69
5.68E+13,KD00745,0.9
5.68E+13,6109,0.69
5.68E+13,KD30614,1.49
5.68E+13,KD13879,0.49
5.68E+13,KD29459,8.99
5.68E+13,5111,0.69
5.68E+13,KD10157,0.69
5.68E+13,KD13915,0.29
5.68E+13,T1157,0.69
5.68E+13,KD29480,3.29
5.68E+13,KD29488,3.29
5.68E+13,KD29479,3.75
5.68E+13,KD13930,0.29
5.68E+13,T4679,0.7
5.68E+13,KD17046,1.59
5.68E+13,KD12750,2.99
5.68E+13,3201,0.59
5.68E+13,T4678,0.7
5.68E+13,T4680,0.69
5.68E+13,8798,0.64
5.68E+13,KD12285,0.69
5.68E+13,KD15212,0.69
5.68E+13,KD15205,0.71
5.68E+13,KD04738,3.99
5.68E+13,KD00826,1.55
5.68E+13,KD04727,1.35
5.68E+13,T1008,0.65
5.68E+13,TY8263,2.05
5.68E+13,P2442,0.65
5.68E+13,P2690,0.69
5.68E+13,T4072,0.69
5.68E+13,KD12284,0.69
5.68E+13,KD13179,0.67
5.68E+13,6360,0.69
5.68E+13,T1225,0.69
5.68E+13,T5457,0.72
5.68E+13,T1223,0.65
5.68E+13,T4042,0.69
5.68E+13,T1226,0.69
5.68E+13,T6101,0.69
5.68E+13,KD12738,0.45
5.68E+13,8002,0.69
5.68E+13,T6811,0.72
5.68E+13,KD14090,1.69
5.68E+13,P2548,0.69
5.68E+13,KD00719,0.49
5.68E+13,UNI90688,0.79
5.68E+13,KD04746,4.09
5.68E+13,KD14784,0.65
5.68E+13,KD25707,1.49
5.68E+13,KD11012,0.75
5.68E+13,KD15215,0.62
5.68E+13,KD15213,0.62
5.68E+13,T5290,0.69
5.68E+13,6013,0.69
5.68E+13,KD13885,0.42
5.68E+13,KD00798,0.69
5.68E+13,TY8027,0.77
5.68E+13,6125,0.69
5.68E+13,T4059,0.69
5.68E+13,KD14240,1.35
5.68E+13,KD13906,0.62
5.68E+13,KD18951,1.19
5.68E+13,KD15194,0.59
5.68E+13,KD26642,0.69
5.68E+13,P1028,0.69
5.68E+13,KD15210,0.65
5.68E+13,KD19126,0.68
5.68E+13,KD13875,0.45
5.68E+13,KD13562,0.42
5.68E+13,KD15197,0.85
5.68E+13,TY4911,4.15
5.68E+13,KD12283,0.69
5.68E+13,P1007,0.69
5.68E+13,KD13565,1.29
5.68E+13,T5041,0.69
5.68E+13,KD19125,0.65
5.68E+13,6700,1.09
5.68E+13,KD20783,1.49
5.68E+13,T5004,0.69
5.68E+13,P1006,0.65
5.68E+13,T5069,0.69
5.68E+13,KD14207,1.15
5.68E+13,KD29219,0.65
5.68E+13,KD20781,1.09
5.68E+13,KD20782,0.85
5.68E+13,KD33105,2.99
5.68E+13,KD04969,5.39
5.68E+13,KD31906,0.59
5.68E+13,KD32426,1.35
5.68E+13,KD14241,2.49
5.68E+13,KD21875,2.79
5.68E+13,KD31746,1.25
5.68E+13,KD20528,0.39
5.68E+13,KD27172,0.79
5.68E+13,KD15958,2.99
5.68E+13,4175,0.69
5.68E+13,KD17124,0.69
5.68E+13,KD14055,0.69
5.68E+13,KD19820,0.69
5.68E+13,KD20474,0.69
5.68E+13,KD20475,0.69
5.68E+13,6170,0.68
5.68E+13,KD20084,0.72
5.68E+13,KD25114,0.69
5.68E+13,KD25116,0.69
5.68E+13,KD25108,0.73
5.68E+13,KD20131,0.69
5.68E+13,KD25040,0.45
5.68E+13,KD20085,0.69
5.68E+13,KD21280,0.69
5.68E+13,KD20405,0.69
5.68E+13,KD20130,0.69
5.68E+13,KD25117,1.59
5.68E+13,KD12223,1.65
5.68E+13,KD18664,0.79
5.68E+13,KD32130,4.49
5.68E+13,KD13563,1.15
5.68E+13,KD21335,0.65
5.68E+13,KD11288,0.77
5.68E+13,KD30615,3.99
5.68E+13,KD31443,0.85
5.68E+13,KD31726,1.25
5.68E+13,6001,1.65
5.68E+13,KD31665,0.65
5.68E+13,KD31901,1.75
5.68E+13,KD30952,1.79
5.68E+13,KD30949,1.79
5.68E+13,KD30951,1.79
5.68E+13,KD04714,2.5
5.68E+13,KD30408,0.29
5.68E+13,KD30402,0.69
5.68E+13,KD30198,1.75
5.68E+13,KD31564,0.85
5.68E+13,KD32434,0.82
5.68E+13,KD31892,2.99
5.68E+13,KD32110,1.99
5.68E+13,KD13524,0.95
5.68E+13,KD30888,0.65
5.68E+13,KD23324,0.65
5.68E+13,KD32112,0.65
5.68E+13,KD30404,0.8
5.68E+13,KD32427,0.59
5.68E+13,KD30263,1.69
5.68E+13,KD30189,4.59
5.68E+13,KD15203,1.29
5.68E+13,KD04997,1.12
5.68E+13,KD04955,4.49
5.68E+13,KD32238,1.19
5.68E+13,KD33122,3.59
5.68E+13,KD04956,2.99
5.68E+13,KD04994,2.35
5.68E+13,KD04726,0.89
5.68E+13,8671,0.28
5.68E+13,KD31254,1.75
5.68E+13,KD10101,0.64
5.68E+13,KD21369,1.99
5.68E+13,KD15202,2.25
5.68E+13,KD15204,1.99
5.68E+13,KD32432,0.82
5.68E+13,KD12695,0.65
5.68E+13,KD28906,1.69
5.68E+13,KD11287,1.05
5.68E+13,KD27794,0.79
5.68E+13,KD32429,0.44
5.68E+13,KD31578,1.99
5.68E+13,KD13632,5.25
5.68E+13,KD16015,0.91
5.68E+13,KD29725,0.92
5.68E+13,KD30925,0.92
5.68E+13,KD31725,0.89
5.68E+13,KD31664,1.69
5.68E+13,KD32436,1.19
5.68E+13,KD31904,11.49
5.68E+13,KD11285,1.69
5.68E+13,KD29718,0.65
5.68E+13,KD31672,0.65
5.68E+13,KD31902,11.49
5.68E+13,KD32437,1.25
5.68E+13,KD29717,0.79
5.68E+13,KD29720,0.79
5.68E+13,KD32435,1.05
5.68E+13,KD30924,1.19
5.68E+13,KD30977,1.49
5.68E+13,KD31572,1.55
5.68E+13,KD29955,0.65
5.68E+13,KD31905,0.67
5.68E+13,TY1976YELLOW,3.09
5.68E+13,KD32430,0.55
5.68E+13,KD31671,0.75
5.68E+13,KD12749,2.69
5.68E+13,KD13842,0.29
5.68E+13,KD31253,1.75
5.68E+13,KD14158,0.85
5.68E+13,KD29959,2.45
5.68E+13,KD15107,2.09
5.68E+13,KD31756,0.99
5.68E+13,KD31743,2.99
5.68E+13,KD32240,1.19
5.68E+13,HTI1680759,21
5.68E+13,KD31759,2.29
5.68E+13,KD32227,1.19
5.68E+13,KD31758,1.49
5.68E+13,KD31757,1.49
5.68E+13,KD32239,2.19
5.68E+13,KD21329,6.29
5.68E+13,KD30964,1.49
5.68E+13,KD30961,1.19
5.68E+13,KD30260,4.99
5.68E+13,KD17745,1.59
5.68E+13,KD30188,2.59
5.68E+13,91163,0.81
5.68E+13,KD27768,1.35
5.68E+13,KD32230,0.89
5.68E+13,KD29596,0.95
5.68E+13,KD17811,2.59
5.68E+13,KD17808,1.15
5.68E+13,KD17810,1.29
5.68E+13,KD14982,4.49
5.68E+13,KD15198,1.39
5.68E+13,T6127,1.09
5.68E+13,KD33587,10.49
5.68E+13,KD32226,1.19
5.68E+13,8668,0.27
5.68E+13,TA5754,1.09
5.68E+13,KD29181,2.99
5.68E+13,KD14236,0.72
5.68E+13,KD14235,0.72
5.68E+13,KD14237,2.79
5.68E+13,KD04971,5.49
5.68E+13,KD04954,1.42
5.68E+13,TY9138,1.75
5.68E+13,T5249,1.15
5.68E+13,6826,0.69
5.68E+13,KD19798,0.89
5.68E+13,KD18264,0.79
5.68E+13,9565P,1.38
5.68E+13,KD16677,0.56
5.68E+13,KD17111,0.69
5.68E+13,9562,1.19
5.68E+13,8797,0.67
5.68E+13,KD16660,0.69
5.68E+13,KD29658,0.75
5.68E+13,KD04941,2.49
5.68E+13,KD04940,2.35
5.68E+13,KD00755,3.99
5.68E+13,KD27776,0.89
5.68E+13,KD31888,1.19
5.68E+13,P2434,0.69
5.68E+13,KD04999,4.29
5.68E+13,KD31733,0.99
5.68E+13,KD31790,1.19
5.68E+13,KD24220,1.39
5.68E+13,KD32504,4.19
5.68E+13,KD31346,2.65
5.68E+13,KD13688,0.49
5.68E+13,KD13714,0.49
5.68E+13,KD13713,0.49
5.68E+13,KD13712,0.49
5.68E+13,KD13709,0.49
5.68E+13,KD13687,0.52
5.68E+13,KD13669,0.28
5.68E+13,KD13711,0.49
5.68E+13,KD13707,0.49
5.68E+13,KD13686,0.52
5.68E+13,KD13715,0.49
5.68E+13,KD13708,0.49
5.68E+13,KD13685,0.59
5.68E+13,KD13696,0.39
5.68E+13,KD13684,0.99
5.68E+13,KD13678,1.09
5.68E+13,KD13668,0.35
5.68E+13,KD13691,0.59
5.68E+13,KD23484,0.39
5.68E+13,KD12733,2.29
5.68E+13,KD13697,0.89
5.68E+13,KD02798,0.79
5.68E+13,KD29002,0.65
5.68E+13,KD01219,4.79
5.68E+13,KD13704,0.65
5.68E+13,KD29005,2.49
5.68E+13,KD29003,2.69
5.68E+13,KD28973,1.29
5.68E+13,KD28971,0.55
5.68E+13,KD28972,0.55
5.68E+13,KD28976,8.49
5.68E+13,KD28981,6.49
5.68E+13,KD28980,4.99
5.68E+13,KD28979,11.49
5.68E+13,KD11534,1.15
5.68E+13,KD24596,4.99
5.68E+13,KD24594,0.65
5.68E+13,KD13677,1.09
5.68E+13,KD30039,1.59
5.68E+13,KD19513,0.79
5.68E+13,KD18899,0.79
5.68E+13,KD18898,0.79
5.68E+13,KD31075,0.55
5.68E+13,KD22768,1.45
5.68E+13,KD01206,0.69
5.68E+13,KD13690,0.59
5.68E+13,KD25331,0.99
5.68E+13,KD22487,1.05
5.68E+13,KD18900,1.05
5.68E+13,KD32660,1.05
5.68E+13,KD15716,7.99
5.68E+13,KD13676,1.19
5.68E+13,KD20785,0.59
5.68E+13,KD20779,0.6
5.68E+13,KD20784,0.59
5.68E+13,KD01214,0.59
5.68E+13,KD13693,0.65
5.68E+13,KD13706,0.85
5.68E+13,KD20763,1.09
5.68E+13,KD13695,0.39
5.68E+13,KD23049,3.99
5.68E+13,KD23164,2.99
5.68E+13,KD13703,0.65
5.68E+13,KD23483,0.85
5.68E+13,KD13574,14.49
5.68E+13,KD25336,6.99
5.68E+13,KD13679,1.75
5.68E+13,KD13702,0.65
5.68E+13,KD23298,2.99
5.68E+13,KD23485,4.89
5.68E+13,KD24597,4.79
5.68E+13,KD13681,1.05
5.68E+13,KD13689,0.59
5.68E+13,KD23699,0.59
5.68E+13,KD23698,0.45
5.68E+13,KD28978,5.99
5.68E+13,KD13694,0.45
5.68E+13,KD13682,1.49
5.68E+13,KD13700,0.65
5.68E+13,KD23697,0.55
5.68E+13,KD18901,0.49
5.68E+13,KD13705,0.85
5.68E+13,KD25330,0.79
5.68E+13,KD24599,3.69
5.68E+13,KD13683,0.75
5.68E+13,KD29000,0.49
5.68E+13,KD13670,1.09
5.68E+13,KD16761,0.35
5.68E+13,KD13701,0.65
5.68E+13,KD13698,0.65
5.68E+13,KD13692,0.45
5.68E+13,KD13699,0.65
5.68E+13,KD20917,0.69
5.68E+13,KD24463,0.69
5.68E+13,KD24462,0.69
5.68E+13,KD31722,0.99
5.68E+13,KD31719,1.25
5.68E+13,1372446,0.69
5.68E+13,KD29220,0.65
5.68E+13,KD20223,0.69
5.68E+13,KD20218,0.69
5.68E+13,KD20220,0.69
5.68E+13,KD20224,0.69
5.68E+13,KD15630,0.77
5.68E+13,KD30187,0.99
5.68E+13,KD29660,2.59
5.68E+13,KD32388,1.05
5.68E+13,KD00708,3.87
5.68E+13,KD00786,0.88
5.68E+13,KD19281,0.69
5.68E+13,KD31342,1.09
5.68E+13,KD04744,2.39
5.68E+13,KD04962,2.69
5.68E+13,KD04958,4.99
5.68E+13,KD12490,0.33
5.68E+13,KD32511,5.99
5.68E+13,KD04965,1.89
5.68E+13,KD04966,1.29
5.68E+13,KD04977,5.79
5.68E+13,KD04963,2.49
5.68E+13,KD04964,3.69
5.68E+13,KD04976,5.79
5.68E+13,KD04980,1.35
5.68E+13,KD04981,3.49
5.68E+13,KD00781,1.35
5.68E+13,KD00749,2.93
5.68E+13,KD32392,3.85
5.68E+13,KD00730,0.62
5.68E+13,KD04733,3.09
5.68E+13,KD00785,1.85
5.68E+13,KD29481,1.69
5.68E+13,HTI1371769,0.89
5.68E+13,KD04735,3.99
5.68E+13,KD32109,0.65
5.68E+13,KD31796,5.75
5.68E+13,KD00823,1.92
5.68E+13,KD16143,0.49
5.68E+13,TY8262,1.75
5.68E+13,KD25591,6.99
5.68E+13,HTI1371943,1.09
5.68E+13,KD31752,2.29
5.68E+13,KD12287,3.59
5.68E+13,KD12303,5.99
5.68E+13,KD12224,0.42
5.68E+13,8006,0.92
5.68E+13,KD33143,1.49
5.68E+13,KD33135,1.49
5.68E+13,KD33149,1.25
5.68E+13,KD15648,7.19
5.68E+13,KD04979,0.74
5.68E+13,KD04978,0.74
5.68E+13,KD05272,1.49
5.68E+13,KD05271,1.49
5.68E+13,KD05270,1.49
5.68E+13,KD05276,0.63
5.68E+13,KD05275,0.63
5.68E+13,KD05242,0.82
5.68E+13,KD05243,0.67
5.68E+13,KD05241,0.55
5.68E+13,KD05269,0.59
5.68E+13,KD05246,0.82
5.68E+13,KD05245,0.67
5.68E+13,KD05244,0.55
5.68E+13,KD05248,0.67
5.68E+13,KD05262,0.67
5.68E+13,KD05277,0.5
5.68E+13,KD05278,0.5
5.68E+13,KD23314,0.59
5.68E+13,KD05264,0.59
5.68E+13,KD05247,0.67
5.68E+13,KD05252,0.55
5.68E+13,KD05251,0.42
5.68E+13,KD05261,0.67
5.68E+13,KD05249,0.82
5.68E+13,KD05250,0.55
5.68E+13,KD05265,0.59
5.68E+13,KD05266,0.59
5.68E+13,KD05274,1.35
5.68E+13,KD05273,1.32
5.68E+13,KD05257,0.67
5.68E+13,KD05255,0.42
5.68E+13,KD05267,0.59
5.68E+13,KD05268,0.59
5.68E+13,KD05263,0.67
5.68E+13,KD05258,0.67
5.68E+13,KD05259,0.55
5.68E+13,KD05260,0.55
5.68E+13,KD05253,0.67
5.68E+13,KD05254,0.67
5.68E+13,KD00817,3.85
5.68E+13,KD33477,1.75
5.68E+13,TY7771,0.56
5.68E+13,KD20394,0.69
5.68E+13,KD32107,0.85
5.68E+13,kd14257,0.69
5.68E+13,KD04985,2.69
5.68E+13,KD13666,0.62
5.68E+13,KD00819,1.25
5.68E+13,9908,0.69
5.68E+13,KD04748,1.35
5.68E+13,KD00805,0.79
5.68E+13,KD16145,3.29
5.68E+13,KD25883,0.69
5.68E+13,KD31836,0.49
5.68E+13,KD18953,3.99
5.68E+13,KD29681,4.79
5.68E+13,KD24214,6.25
5.68E+13,HTI1394513,1.09
5.68E+13,KD25144,1.49
5.68E+13,KD16056,1.79
5.68E+13,KD24216,3.15
5.68E+13,KD30978,0.99
5.68E+13,KD30254,1.19
5.68E+13,KD04722,2.29
5.68E+13,KD32235,1.19
5.68E+13,KD32229,0.89
5.68E+13,KD04924,1.69
5.68E+13,KD04925,1.35
5.68E+13,9802_GHOST,0.21
5.68E+13,1373286,2.79
5.68E+13,KD30955,2.75
5.68E+13,KD30328,0.75
5.68E+13,KD12446,0.72
5.68E+13,KD31200,1.09
5.68E+13,KD27332,0.65
5.68E+13,KD27334,0.63
5.68E+13,KD23231,0.45
5.68E+13,KD31164,0.89
5.68E+13,KD25739,3.75
5.68E+13,KD30186,3.19
5.68E+13,KD29522,0.59
5.68E+13,T9628,0.7
5.68E+13,4357GOLDBOR,0.55
5.68E+13,KD33589,10.49
5.68E+13,KD13644,0.55
5.68E+13,KD32232,1.19
5.68E+13,KD32188,1.19
5.68E+13,KD25709,3.15
5.68E+13,1373132,0.81
5.68E+13,KD30617,0.89
5.68E+13,KD31834,0.99
5.68E+13,KD31571,0.65
5.68E+13,KD27791,2.19
5.68E+13,KD16890,1.59
5.68E+13,98074G,0.39
5.68E+13,HTI1372493,3.15
5.68E+13,HTI1372491,3.59
5.68E+13,TA5762,0.42
5.68E+13,KD23623,1.04
5.68E+13,KD16040,0.65
5.68E+13,KD00744,3.22
5.68E+13,KD24055,2.25
5.68E+13,KD30400,0.79
5.68E+13,KD00734,0.62
5.68E+13,KD04944,2.35
5.68E+13,59303,0.59
5.68E+13,T6365,0.7
5.68E+13,KD29226,0.85
5.68E+13,KD30190,0.79
5.68E+13,KD30194,1.59
5.68E+13,KD28447,2.29
5.68E+13,KD23598,2.09
5.68E+13,KD28443,1.49
5.68E+13,KD22433,1.59
5.68E+13,KD31347,2.29
5.68E+13,KD25884,2.25
5.68E+13,KD28442,3.79
5.68E+13,KD28446,2.29
5.68E+13,KD28445,2.09
5.68E+13,KD30191,0.99
5.68E+13,KD28444,2.99
5.68E+13,KD32381,1.79
5.68E+13,KD29227,1.09
5.68E+13,KD28452,3.09
5.68E+13,KD25885,2.25
5.68E+13,KD21874,0.79
5.68E+13,TY7649,0.65
5.68E+13,KD17578,0.99
5.68E+13,KD31889,1.99
5.68E+13,KD32111,3.99
5.68E+13,KD00818,0.62
5.68E+13,KD20535,1.25
5.68E+13,KD19072,0.79
5.68E+13,KD17577,1.49
5.68E+13,KD33592,14.69
5.68E+13,KD00791,2.99
5.68E+13,KD04740,9.75
5.68E+13,TY4307,0.89
5.68E+13,TY6106,0.88
5.68E+13,KD28508,0.69
5.68E+13,KD28507,0.69
5.68E+13,8010,0.69
5.68E+13,KD14160,0.4
5.68E+13,KD31800,4.55
5.68E+13,KD29592,2.05
5.68E+13,KD31441,1.49
5.68E+13,KD29541,1.65
5.68E+13,KD29472,0.45
5.68E+13,KD26833,0.77
5.68E+13,KD26831,3.99
5.68E+13,KD29173,3.09
5.68E+13,KD26832,1.15
5.68E+13,KD31261,1.39
5.68E+13,KD21343,0.92
5.68E+13,KD31250,0.89
5.68E+13,KD21383,2.59
5.68E+13,KD24056,0.79
5.68E+13,KD31247,1.75
5.68E+13,KD00808,1.35
5.68E+13,KD24046,0.82
5.68E+13,KD23868,2.15
5.68E+13,KD24045,1.79
5.68E+13,KD23867,0.89
5.68E+13,KD24057,1.65
5.68E+13,KD21340,2.99
5.68E+13,KD21341,1.65
5.68E+13,TY499,3.89
5.68E+13,KD21327,5.29
5.68E+13,KD29576,4.99
5.68E+13,KD04720,3.09
5.68E+13,KD30944,3.35
5.68E+13,KD30953,3.75
5.68E+13,KD30954,3.29
5.68E+13,KD33474,3.75
5.68E+13,KD23120,0.95
5.68E+13,KD22715,1.63
5.68E+13,KD27766,1.49
5.68E+13,TY2,12.99
5.68E+13,KD04986,2.69
5.68E+13,KD04932,1.69
5.68E+13,KD04933,3.29
5.68E+13,KD04931,3.99
5.68E+13,KD05015,2.19
5.68E+13,KD05014,1.59
5.68E+13,KD05012,2.19
5.68E+13,KD05013,2.19
5.68E+13,KD04959,1.75
5.68E+13,KD04960,2.49
5.68E+13,KD31783,7.79
5.68E+13,P2093,1.75
5.68E+13,KD00738,1.09
5.68E+13,KD12090,1.75
5.68E+13,KD31669,1.69
5.68E+13,KD00718,0.95
5.68E+13,KD04968,5.39
5.68E+13,KD31761,0.99
5.68E+13,KD31763,2.29
5.68E+13,KD31762,1.25
5.68E+13,TY8030,0.7
5.68E+13,T7104,0.69
5.68E+13,TY4846,0.39
5.68E+13,KD12087,1.75
5.68E+13,KD00712,4.59
5.68E+13,KD00760,0.88
5.68E+13,KD00739,1.19
5.68E+13,KD04998,2.5
5.68E+13,KD29957,3.15
5.68E+13,KD12701,1.62
5.68E+13,KD22716,0.99
5.68E+13,KD18265,2.15
5.68E+13,KD05002,3.59
5.68E+13,KD00782,0.75
5.68E+13,KD33482,1.69
5.68E+13,KD29666,2.39
5.68E+13,KD13564,0.79
5.68E+13,TY9136,1.05
5.68E+13,KD12082,0.65
5.68E+13,KD00783,0.82
5.68E+13,KD19575,0.89
5.68E+13,KD00779,0.82
5.68E+13,KD04991,2.57
5.68E+13,KD22483,1.99
5.68E+13,KD20392,2.89
5.68E+13,KD30256,1.49
5.68E+13,KD30257,1.69
5.68E+13,KD30942,0.89
5.68E+13,KD29775,1.59
5.68E+13,KD31810,1.09
5.68E+13,TA8008,0.92
5.68E+13,T6366,0.69
5.68E+13,KD00714,2.39
5.68E+13,KD05008,2.79
5.68E+13,KD05009,2.29
5.68E+13,KD15517,3.49
5.68E+13,KD15516,3.49
5.68E+13,KD32503,1.59
5.68E+13,T6126,0.95
5.68E+13,KD33480,3.49
5.68E+13,KD31232,3.49
5.68E+13,5350,0.69
5.68E+13,TY7244,0.63
5.68E+13,6015,0.69
5.68E+13,TA1001,0.7
5.68E+13,KD19740,1.75
5.68E+13,KD17475,6.99
5.68E+13,KD20017,2.25
5.68E+13,KD11013,0.69
5.68E+13,4250,0.69
5.68E+13,T5635,0.7
5.68E+13,KD13671,0.55
5.68E+13,KD13674,0.85
5.68E+13,TA5782,0.62
5.68E+13,KD31740,2.29
5.68E+13,KD31735,1.49
5.68E+13,KD32385,0.99
5.68E+13,KD30199,2.59
5.68E+13,KD29478,2.79
5.68E+13,TA5756,0.62
5.68E+13,TA5755,0.62
5.68E+13,KD19952,1.49
5.68E+13,TY1652,0.77
5.68E+13,KD33476,1.19
5.68E+13,TY6547,1.05
5.68E+13,KD00707,3.12
5.68E+13,TA5784,0.7
5.68E+13,KD00774,1.99
5.68E+13,KD10568,2.06
5.68E+13,KD10505,0.77
5.68E+13,KD29909,4.49
5.68E+13,KD29912,4.69
5.68E+13,KD29913,5.59
5.68E+13,KD29917,5.59
5.68E+13,KD29914,7.29
5.68E+13,KD29915,6.99
5.68E+13,KD31813,0.99
5.68E+13,KD24797,0.69
5.68E+13,KD29910,3.99
5.68E+13,KD03860,0.62
5.68E+13,KD03865,15.49
5.68E+13,KD30691,0.69
5.68E+13,KD30692,0.79
5.68E+13,KD30694,0.69
5.68E+13,KD03866,0.99
5.68E+13,KD03867,0.89
5.68E+13,KD32195,0.99
5.68E+13,KD24818,1.49
5.68E+13,KD03856,0.99
5.68E+13,KD03854,0.69
5.68E+13,KD03853,0.62
5.68E+13,KD03855,0.75
5.68E+13,KD29886,1.99
5.68E+13,KD29884,1.75
5.68E+13,KD30680,0.85
5.68E+13,KD30683,0.85
5.68E+13,KD30684,0.85
5.68E+13,KD30685,0.85
5.68E+13,KD30686,0.85
5.68E+13,KD30687,0.85
5.68E+13,KD30688,0.85
5.68E+13,KD31155,0.89
5.68E+13,KD32196,0.85
5.68E+13,KD24800,0.89
5.68E+13,KD24802,0.89
5.68E+13,KD03872,0.75
5.68E+13,KD03904,0.72
5.68E+13,KD03873,0.65
5.68E+13,KD03900,0.72
5.68E+13,KD03879,0.65
5.68E+13,KD03884,0.65
5.68E+13,KD03874,0.72
5.68E+13,KD03883,0.65
5.68E+13,KD03878,0.65
5.68E+13,KD03876,0.65
5.68E+13,KD03881,0.65
5.68E+13,KD03886,0.65
5.68E+13,KD03887,0.75
5.68E+13,KD03907,0.72
5.68E+13,KD03905,0.72
5.68E+13,KD03909,0.75
5.68E+13,KD03899,0.72
5.68E+13,KD03885,0.65
5.68E+13,KD03908,0.72
5.68E+13,KD03875,0.73
5.68E+13,KD03911,0.72
5.68E+13,KD03882,0.65
5.68E+13,KD03891,0.79
5.68E+13,KD03890,0.79
5.68E+13,KD03889,0.79
5.68E+13,KD03888,0.79
5.68E+13,KD25370,0.75
5.68E+13,KD03850,0.59
5.68E+13,KD03851,0.65
5.68E+13,KD24805,2.29
5.68E+13,KD03868,0.65
5.68E+13,KD25371,0.65
5.68E+13,KD03858,0.59
5.68E+13,KD24815,1.39
5.68E+13,KD25369,1.89
5.68E+13,KD27462,0.65
5.68E+13,KD27456,0.65
5.68E+13,KD27460,0.65
5.68E+13,KD27457,0.65
5.68E+13,KD27459,0.65
5.68E+13,KD27458,0.65
5.68E+13,KD27463,0.65
5.68E+13,KD03857,0.59
5.68E+13,KD03859,0.59
5.68E+13,KD24819,1.09
5.68E+13,KD24816,0.65
5.68E+13,KD24817,1.19
5.68E+13,KD03871,2.49
5.68E+13,KD03852,1.12
5.68E+13,KD30696,0.59
5.68E+13,KD29890,0.65
5.68E+13,KD29887,0.65
5.68E+13,KD27731,0.69
5.68E+13,KD29891,0.55
5.68E+13,KD03835,1.59
5.68E+13,KD03833,1.15
5.68E+13,KD03827,2.65
5.68E+13,KD03836,1.79
5.68E+13,KD03837,2.69
5.68E+13,KD03839,4.39
5.68E+13,KD03831,1.79
5.68E+13,KD03832,1.79
5.68E+13,KD03798,0.55
5.68E+13,KD03828,1.55
5.68E+13,KD03840,2.49
5.68E+13,KD03841,1.32
5.68E+13,KD03788,1.15
5.68E+13,KD03829,2.09
5.68E+13,KD03794,1.05
5.68E+13,KD03795,1.05
5.68E+13,KD03793,1.05
5.68E+13,KD03792,1.05
5.68E+13,KD03791,1.79
5.68E+13,KD03789,1.79
5.68E+13,KD03802,1.65
5.68E+13,KD03799,2.69
5.68E+13,KD03803,0.92
5.68E+13,KD03807,1.69
5.68E+13,KD03830,1.05
5.68E+13,KD28288,2.19
5.68E+13,KD03838,1.79
5.68E+13,KD28292,1.69
5.68E+13,KD28291,1.19
5.68E+13,KD28286,1.69
5.68E+13,KD03842,1.92
5.68E+13,KD03847,2.75
5.68E+13,KD00716,1.65
5.68E+13,TY3610,0.69
5.68E+13,KD30251,1.99
5.68E+13,KD29950,2.49
5.68E+13,KD33608,1.4
5.68E+13,KD33609,2.29
5.68E+13,KD33607,2.29
5.68E+13,TA8001,0.82
5.68E+13,KD30160,1.99
5.68E+13,KD24791,0.85
5.68E+13,KD31354,1.15
5.68E+13,KD30226,1.79
5.68E+13,KD28221,2.99
5.68E+13,KD24790,6.99
5.68E+13,KD24798,1.05
5.68E+13,KD24796,6.99
5.68E+13,KD30162,1.49
5.68E+13,KD30161,1.29
5.68E+13,KD17989,0.99
5.68E+13,KD14960,1.52
5.68E+13,KD30016,2.49
5.68E+13,KD30435,5.99
5.68E+13,KD14978,8.79
5.68E+13,KD14979,11.99
5.68E+13,KD14976,5.75
5.68E+13,KD14977,7.19
5.68E+13,KD14967,1.69
5.68E+13,KD14986,1.39
5.68E+13,KD14968,1.69
5.68E+13,KD17990,0.79
5.68E+13,KD28174,1.05
5.68E+13,KD30431,1.89
5.68E+13,KD14974,0.75
5.68E+13,KD30430,2.99
5.68E+13,KD14970,0.49
5.68E+13,KD14972,0.89
5.68E+13,KD24789,1.55
5.68E+13,KD14966,0.69
5.68E+13,KD28222,2.49
5.68E+13,KD14965,1.9
5.68E+13,KD17991,3.99
5.68E+13,KD14944,1.35
5.68E+13,KD14987,1.49
5.68E+13,KD14975,1.15
5.68E+13,KD25799,1.59
5.68E+13,KD24793,2.32
5.68E+13,KD30432,5.99
5.68E+13,KD14948,1.59
5.68E+13,KD31724,1.25
5.68E+13,TY5913,0.39
5.68E+13,KD00788,1.75
5.68E+13,KD00772,1.4
5.68E+13,KD12753,0.75
5.68E+13,KD32383,0.79
5.68E+13,KD04951,2.55
5.68E+13,KD04952,2.79
5.68E+13,KD14961,1.59
5.68E+13,KD20880,4.25
5.68E+13,P1000,0.65
5.68E+13,KD20575,0.65
5.68E+13,KD27783,3.15
5.68E+13,KD04988,7.99
5.68E+13,4674,0.69
5.68E+13,KD13200,0.69
5.68E+13,KD21445,1.09
5.68E+13,7023,0.95
5.68E+13,8382GOLD,0.53
5.68E+13,8382SILVER,0.53
5.68E+13,KD21273,5.99
5.68E+13,KD12221,0.67
5.68E+13,TY7640,1.29
5.68E+13,55609,0.55
5.68E+13,4357SILBOR,0.55
5.68E+13,KD04926,1.35
5.68E+13,KD04927,1.69
5.68E+13,KD04993,1.35
5.68E+13,KD33604,0.95
5.68E+13,KD33590,10.49
5.68E+13,KD13645,0.55
5.68E+13,KD00792,0.65
5.68E+13,5147,0.65
5.68E+13,TY7636,0.79
5.68E+13,KD27777,1.05
5.68E+13,KD29679,0.65
5.68E+13,KD04934,6.41
5.68E+13,HTI1372490,3.59
5.68E+13,KD32245,1.19
5.68E+13,KD32242,1.19
5.68E+13,KD32244,1.19
5.68E+13,KD32194,1.19
5.68E+13,KD32243,1.19
5.68E+13,KD32193,1.19
5.68E+13,KD32192,1.19
5.68E+13,KD29172,1.99
5.68E+13,1048,0.69
5.68E+13,KD25619,2.29
5.68E+13,KD31808,1.19
5.68E+13,KD15959,0.99
5.68E+13,KD15961,0.89
5.68E+13,KD25600,1.19
5.68E+13,1373510,0.77
5.68E+13,TY5167,1.75
5.68E+13,KD00722,0.88
5.68E+13,KD00769,0.75
5.68E+13,KD22675,0.69
5.68E+13,KD22674,0.69
5.68E+13,KD00766,1.04
5.68E+13,KD00767,0.95
5.68E+13,KD27171,0.85
5.68E+13,KD31806,1.19
5.68E+13,KD00732,3.89
5.68E+13,KD31662,0.59
5.68E+13,KD33484,1.75
5.68E+13,KD29970,4.29
5.68E+13,KD04728,3.09
5.68E+13,KD12080,0.89
5.68E+13,KD15190,0.95
5.68E+13,KD30965,3.15
5.68E+13,KD32393,1.49
5.68E+13,KD31343,3.49
5.68E+13,KD00816,0.59
5.68E+13,KD00737,0.99
5.68E+13,KD12751,1.39
5.68E+13,KD00803,0.59
5.68E+13,KD19313,0.72
5.68E+13,KD31893,1.09
5.68E+13,KD30259,0.65
5.68E+13,KD29942,1.05
5.68E+13,KD30833,0.65
5.68E+13,KD30830,0.65
5.68E+13,KD30829,0.65
5.68E+13,KD30825,0.65
5.68E+13,KD30837,0.65
5.68E+13,KD30839,0.65
5.68E+13,KD30823,0.65
5.68E+13,KD30818,0.65
5.68E+13,KD30845,0.65
5.68E+13,KD30819,0.65
5.68E+13,KD30822,0.65
5.68E+13,KD30834,0.65
5.68E+13,KD30832,0.65
5.68E+13,KD24511,0.69
5.68E+13,KD30827,0.65
5.68E+13,KD24509,0.69
5.68E+13,KD30828,0.65
5.68E+13,KD30841,0.65
5.68E+13,KD27854,0.65
5.68E+13,KD30846,0.65
5.68E+13,KD30842,0.65
5.68E+13,KD13488,0.69
5.68E+13,KD12407,0.69
5.68E+13,KD29125,0.79
5.68E+13,T1068,0.45
5.68E+13,KD11436,0.85
5.68E+13,T6068,0.89
5.68E+13,KD04948,2.69
5.68E+13,KD04949,8.49
5.68E+13,KD32995,7.99
5.68E+13,KD33006,7.99
5.68E+13,KD32994,7.99
5.68E+13,KD32241,1.19
5.68E+13,KD29586,0.79
5.68E+13,KD29440,0.67
5.68E+13,KD30399,2.59
5.68E+13,KD29545,1.65
5.68E+13,KD29441,1.15
5.68E+13,KD21973,3.15
5.68E+13,KD29582,1.12
5.68E+13,KD05010,4.29
5.68E+13,KD05011,2.19
5.68E+13,KD04923,14.99
5.68E+13,KD04946,5.29
5.68E+13,KD04953,0.79
5.68E+13,KD00828,2.49
5.68E+13,KD10508,0.82
5.68E+13,KD10509,0.89
5.68E+13,KD10513,0.65
5.68E+13,KD10522,1.09
5.68E+13,KD13926,0.32
5.68E+13,KD20274,9.49
5.68E+13,KD15199,0.27
5.68E+13,KD25949,0.29
5.68E+13,KD10517,0.99
5.68E+13,KD18067,1.49
5.68E+13,KD10511,0.75
5.68E+13,KD10510,0.75
5.68E+13,KD10562,0.69
5.68E+13,KD12698,0.39
5.68E+13,KD10515,0.79
5.68E+13,KD24236,9.29
5.68E+13,KD10504,1.29
5.68E+13,KD10555,1.44
5.68E+13,KD18065,0.62
5.68E+13,KD20276,9.49
5.68E+13,KD10521,1.52
5.68E+13,KD10563,0.55
5.68E+13,KD20437,1.57
5.68E+13,KD20438,1.57
5.68E+13,KD10502,3.19
5.68E+13,KD17479,0.75
5.68E+13,KD17480,0.75
5.68E+13,KD17482,0.75
5.68E+13,KD17481,0.75
5.68E+13,KD10560,0.69
5.68E+13,KD15195,1.25
5.68E+13,KD15196,2.19
5.68E+13,KD12703,1.25
5.68E+13,KD20436,0.55
5.68E+13,KD10520,1.25
5.68E+13,KD10519,0.99
5.68E+13,KD24184,2.89
5.68E+13,KD10561,0.49
5.68E+13,KD10518,0.29
5.68E+13,KD10503,0.3
5.68E+13,KD10564,0.69
5.68E+13,KD10566,3.25
5.68E+13,KD12744,1.32
5.68E+13,KD10512,0.95
5.68E+13,KD24193,0.69
5.68E+13,KD24192,1.19
5.68E+13,KD25944,0.79
5.68E+13,KD24194,3.19
5.68E+13,KD10500,0.55
5.68E+13,KD10516,5.39
5.68E+13,KD11566,0.49
5.68E+13,KD12700,0.9
5.68E+13,KD19949,0.39
5.68E+13,KD24183,8.99
5.68E+13,KD26620,0.49
5.68E+13,KD24190,0.42
5.68E+13,KD24189,0.42
5.68E+13,KD17530,0.49
5.68E+13,KD17533,0.52
5.68E+13,KD17532,0.52
5.68E+13,KD20441,0.69
5.68E+13,KD12746,0.64
5.68E+13,KD17538,2.09
5.68E+13,KD28970,0.69
5.68E+13,KD25247,0.75
5.68E+13,KD10507,0.79
5.68E+13,KD17534,1.15
5.68E+13,KD17537,3.59
5.68E+13,KD25260,0.75
5.68E+13,KD23536,0.75
5.68E+13,KD11670,0.69
5.68E+13,KD29392,0.69
5.68E+13,KD20440,2.89
5.68E+13,KD20439,0.8
5.68E+13,KD12702,1.35
5.68E+13,KD24188,5.69
5.68E+13,KD17531,0.49
5.68E+13,KD17539,0.89
5.68E+13,KD12741,2.15
5.68E+13,KD24185,1.52
5.68E+13,KD24187,6.49
5.68E+13,KD24186,0.65
5.68E+13,KD11999,0.73
5.68E+13,KD12694,1.86
5.68E+13,KD28968,1.99
5.68E+13,KD10501,1.25
5.68E+13,KD19449,0.45
5.68E+13,KD15251,0.39
5.68E+13,KD10556,0.82
5.68E+13,KD17529,0.95
5.68E+13,KD10506,0.55
5.68E+13,KD12742,0.95
5.68E+13,KD12745,1.05
5.68E+13,KD22090,0.69
5.68E+13,KD17535,0.35
5.68E+13,KD17155,0.82
5.68E+13,KD17154,2.15
5.68E+13,KD17157,0.35
5.68E+13,KD19417,0.75
5.68E+13,KD10514,2.49
5.68E+13,KD10565,2.12
5.68E+13,KD24191,1.29
5.68E+13,KD17540,1.65
5.68E+13,KD28969,0.99
5.68E+13,KD25943,0.59
5.68E+13,KD24196,0.81
5.68E+13,KD12704,2.69
5.68E+13,KD10544,1.09
5.68E+13,KD21274,4.19
5.68E+13,KD31802,5.69
5.68E+13,HTI1372492,3.59
5.68E+13,KD17556,1.49
5.68E+13,KD33598,2.49
5.68E+13,KD33596,2.49
5.68E+13,KD33593,2.49
5.68E+13,KD33597,2.49
5.68E+13,KD33591,2.49
5.68E+13,KD33599,2.49
5.68E+13,KD33600,2.49
5.68E+13,KD33595,2.49
5.68E+13,KD33594,2.49
5.68E+13,KD33601,2.49
5.68E+13,KD33602,2.49
5.68E+13,KD33612,0.73
5.68E+13,KD33611,0.73
5.68E+13,KD33613,0.73
5.68E+13,KD33614,0.73
5.68E+13,KD33615,0.73
5.68E+13,KD33616,0.73
5.68E+13,KD33617,0.73
5.68E+13,KD33618,0.73
5.68E+13,KD33619,0.73
5.68E+13,KD33620,0.73
5.68E+13,TY308,6.49
5.68E+13,KD24678,2.15
5.68E+13,KD04936,1.79
5.68E+13,KD29475,1.15
5.68E+13,KD32315,0.62
5.68E+13,KD32314,0.62
5.68E+13,KD29969,0.79
5.68E+13,KD27778,1.05
5.68E+13,KD31666,0.65
5.68E+13,KD25702,0.57
5.68E+13,KD29675,0.55
5.68E+13,KD04942,2.89
5.68E+13,KD04943,2.35
5.68E+13,KD03845,0.72
5.68E+13,KD32734,1.49
5.68E+13,KD32735,1.49
5.68E+13,KD32736,1.49
5.68E+13,KD32737,1.49
5.68E+13,KD32738,1.49
5.68E+13,KD32739,1.49
5.68E+13,KD32741,1.49
5.68E+13,KD32743,1.49
5.68E+13,KD32683,0.85
5.68E+13,KD32684,0.85
5.68E+13,KD32675,0.85
5.68E+13,KD32721,1.49
5.68E+13,KD32723,1.49
5.68E+13,KD32724,1.49
5.68E+13,KD32725,1.49
5.68E+13,KD32726,1.49
5.68E+13,KD32727,1.49
5.68E+13,KD32729,1.49
5.68E+13,KD32730,1.49
5.68E+13,KD32731,1.49
5.68E+13,KD32732,1.49
5.68E+13,KD32705,0.85
5.68E+13,KD32706,0.85
5.68E+13,KD32707,0.85
5.68E+13,KD32709,0.85
5.68E+13,KD32704,0.85
5.68E+13,KD32710,0.85
5.68E+13,KD32711,1.49
5.68E+13,KD32687,1.49
5.68E+13,KD32712,1.49
5.68E+13,KD32714,1.49
5.68E+13,KD32715,1.49
5.68E+13,KD32716,1.49
5.68E+13,KD32718,1.49
5.68E+13,KD32719,1.49
5.68E+13,KD32720,1.49
5.68E+13,KD32802,0.85
5.68E+13,KD32680,0.85
5.68E+13,KD32760,0.85
5.68E+13,KD32685,0.85
5.68E+13,KD32697,0.85
5.68E+13,KD32678,0.85
5.68E+13,KD32698,0.85
5.68E+13,KD32689,0.85
5.68E+13,KD32747,0.85
5.68E+13,KD32748,0.85
5.68E+13,KD32749,0.85
5.68E+13,KD32750,0.85
5.68E+13,KD32751,0.85
5.68E+13,KD32752,0.85
5.68E+13,KD32805,0.85
5.68E+13,KD32696,0.85
5.68E+13,KD32690,0.85
5.68E+13,KD32702,0.85
5.68E+13,KD32676,0.85
5.68E+13,KD32753,0.85
5.68E+13,KD32754,0.85
5.68E+13,KD32755,0.85
5.68E+13,KD32756,0.85
5.68E+13,KD32757,0.85
5.68E+13,KD32758,0.85
5.68E+13,KD32688,0.85
5.68E+13,KD32800,0.85
5.68E+13,KD32695,0.85
5.68E+13,KD32795,0.85
5.68E+13,KD32801,0.85
5.68E+13,KD32806,0.85
5.68E+13,KD32703,0.85
5.68E+13,KD32807,0.85
5.68E+13,KD32796,0.85
5.68E+13,KD25457,33.99
5.68E+13,KD03478,0.75
5.68E+13,KD03469,0.49
5.68E+13,KD03468,0.75
5.68E+13,KD03547,1.09
5.68E+13,KD03548,0.99
5.68E+13,KD03630,1.25
5.68E+13,KD03470,0.75
5.68E+13,KD03516,0.65
5.68E+13,KD03471,0.75
5.68E+13,KD03472,0.75
5.68E+13,KD03474,0.75
5.68E+13,KD30709,0.75
5.68E+13,KD30705,0.75
5.68E+13,UNI80889,1.11
5.68E+13,KD30710,0.75
5.68E+13,KD30707,0.75
5.68E+13,KD03477,0.75
5.68E+13,KD30711,0.75
5.68E+13,KD30708,0.75
5.68E+13,KD03587,0.89
5.68E+13,KD03634,0.51
5.68E+13,KD03632,0.51
5.68E+13,KD03635,0.99
5.68E+13,KD03633,0.99
5.68E+13,KD03588,0.89
5.68E+13,KD03585,1.19
5.68E+13,KD03586,1.19
5.68E+13,KD03584,0.85
5.68E+13,KD03583,0.85
5.68E+13,KD03625,0.79
5.68E+13,KD03626,1.39
5.68E+13,KD03577,0.85
5.68E+13,KD03578,0.85
5.68E+13,KD03623,0.89
5.68E+13,KD03589,1.19
5.68E+13,KD03484,0.75
5.68E+13,KD03517,2.29
5.68E+13,KD03518,2.29
5.68E+13,KD03531,0.69
5.68E+13,KD03525,0.49
5.68E+13,KD03530,0.49
5.68E+13,KD03534,0.69
5.68E+13,KD03528,0.55
5.68E+13,KD03526,0.55
5.68E+13,KD03535,0.69
5.68E+13,KD03546,0.49
5.68E+13,KD03537,0.69
5.68E+13,KD03523,0.49
5.68E+13,KD03545,0.49
5.68E+13,KD03522,0.65
5.68E+13,KD03536,0.69
5.68E+13,KD03539,0.69
5.68E+13,KD03524,0.49
5.68E+13,KD03532,0.69
5.68E+13,KD03521,0.55
5.68E+13,KD03533,0.69
5.68E+13,KD03529,0.55
5.68E+13,KD03527,0.69
5.68E+13,KD03538,0.69
5.68E+13,KD03495,1.22
5.68E+13,KD03485,1.22
5.68E+13,KD03505,1.22
5.68E+13,KD03496,1.22
5.68E+13,KD03486,1.22
5.68E+13,KD03506,1.22
5.68E+13,KD03497,1.22
5.68E+13,KD03487,1.22
5.68E+13,KD03507,1.22
5.68E+13,KD03498,1.22
5.68E+13,KD03488,1.22
5.68E+13,KD03508,1.22
5.68E+13,KD03499,1.22
5.68E+13,KD03489,1.22
5.68E+13,KD03509,1.22
5.68E+13,KD03500,1.22
5.68E+13,KD03490,1.22
5.68E+13,KD03510,1.22
5.68E+13,KD03501,1.22
5.68E+13,KD03491,1.22
5.68E+13,KD03511,1.22
5.68E+13,KD03502,1.22
5.68E+13,KD03492,1.22
5.68E+13,KD03512,1.22
5.68E+13,KD03503,1.22
5.68E+13,KD03493,1.22
5.68E+13,KD03513,1.22
5.68E+13,KD03504,1.22
5.68E+13,KD03494,1.22
5.68E+13,KD03514,1.22
5.68E+13,KD03574,0.85
5.68E+13,KD03563,0.85
5.68E+13,KD03636,0.57
5.68E+13,KD03564,0.85
5.68E+13,KD03551,0.85
5.68E+13,KD03554,0.85
5.68E+13,KD03565,0.85
5.68E+13,KD03555,0.85
5.68E+13,KD03566,0.85
5.68E+13,KD03556,0.85
5.68E+13,KD03567,0.85
5.68E+13,KD03557,0.85
5.68E+13,KD03568,0.85
5.68E+13,KD03558,0.89
5.68E+13,KD03569,0.85
5.68E+13,KD03570,0.85
5.68E+13,KD03559,0.85
5.68E+13,KD03571,0.85
5.68E+13,KD03560,0.85
5.68E+13,KD03572,0.85
5.68E+13,KD03561,0.85
5.68E+13,KD03573,0.85
5.68E+13,KD03562,0.85
5.68E+13,KD03481,0.75
5.68E+13,KD03582,0.85
5.68E+13,KD03553,0.85
5.68E+13,KD03629,0.85
5.68E+13,KD03590,0.65
5.68E+13,KD03543,0.89
5.68E+13,KD03542,0.99
5.68E+13,KD03576,0.85
5.68E+13,KD03479,0.75
5.68E+13,KD03581,0.85
5.68E+13,KD03575,0.85
5.68E+13,KD03580,0.85
5.68E+13,KD03480,0.75
5.68E+13,KD03642,0.85
5.68E+13,KD32030,1.79
5.68E+13,KD32029,1.79
5.68E+13,KD32031,1.79
5.68E+13,KD03544,0.89
5.68E+13,KD03541,1.09
5.68E+13,KD31107,1.99
5.68E+13,KD03482,0.75
5.68E+13,KD03483,0.75
5.68E+13,KD03549,0.99
5.68E+13,KD03550,0.99
5.68E+13,KD03644,1.95
5.68E+13,KD03592,0.99
5.68E+13,KD03591,0.99
5.68E+13,KD03608,0.99
5.68E+13,KD03595,0.99
5.68E+13,KD03610,0.99
5.68E+13,KD03612,0.99
5.68E+13,KD03593,0.99
5.68E+13,KD03613,0.99
5.68E+13,KD03614,0.99
5.68E+13,KD03609,0.99
5.68E+13,KD03597,0.99
5.68E+13,KD03596,0.99
5.68E+13,KD03601,0.99
5.68E+13,KD03600,0.99
5.68E+13,KD03603,0.99
5.68E+13,KD03605,0.99
5.68E+13,KD03598,0.99
5.68E+13,KD03606,0.99
5.68E+13,KD03604,0.99
5.68E+13,KD03599,0.99
5.68E+13,KD03602,0.99
5.68E+13,KD03607,0.99
5.68E+13,KD03520,0.99
5.68E+13,KD03647,2.99
5.68E+13,KD32759,0.78
5.68E+13,KD32686,0.85
5.68E+13,KD32811,0.85
5.68E+13,KD32803,0.85
5.68E+13,KD32808,0.85
5.68E+13,KD32682,0.85
5.68E+13,KD32799,0.85
5.68E+13,KD32798,0.85
5.68E+13,KD32681,0.85
5.68E+13,KD32692,0.85
5.68E+13,KD32677,0.85
5.68E+13,KD32809,0.42
5.68E+13,KD32810,0.42
5.68E+13,KD32694,0.85
5.68E+13,KD04957,1.42
5.68E+13,KD04730,0.59
5.68E+13,KD05007,2.49
5.68E+13,KD15628,1.89
5.68E+13,TY9687,1.19
5.68E+13,5146,0.65
5.68E+13,6204,4.2
5.68E+13,KD29585,4.49
5.68E+13,KD24217,1.69
5.68E+13,KD30976,1.79
5.68E+13,KD17323,1.79
5.68E+13,KD05006,2.35
5.68E+13,KD04938,3.99
5.68E+13,KD04929,1.65
5.68E+13,KD04928,3.29
5.68E+13,KD04930,3.99
5.68E+13,KD32228,1.39
5.68E+13,KD25880,3.59
5.68E+13,KD25881,3.59
5.68E+13,KD23186,0.69
5.68E+13,KD23188,0.69
5.68E+13,KD23187,0.69
5.68E+13,KD16904,2.75
5.68E+13,KD31565,0.79
5.68E+13,KD31259,2.29
5.68E+13,KD31567,0.59
5.68E+13,8696,0.59
5.68E+13,9561,1.33
