"product_id","variant_id","sku"
15227296252253,56795648295261,"KD28982"
15230370316637,56807883538781,"KD31741"
15230373855581,56807888978269,"KD31751"
15230373036381,56807887700317,"KD31748"
15230370054493,56807882719581,"KD31749"
15230588453213,56808612266333,"KD03896"
15230453449053,56808139719005,"KD03645"
15230452760925,56808137654621,"KD03646"
15230409933149,56807995605341,"KD03616"
15230398366045,56807959888221,"KD03579"
15230396367197,56807955333469,"KD32693"
15230979572061,56810108518749,"KTY5070"
15227353006429,56795839136093,"T1224"
15227342618973,56795795718493,"T5680"
15230984651101,56810118480221,"HTI0002116"
15230959812957,56810053304669,"TY3659"
15227339473245,56795785101661,"T4018"
15227339899229,56795785920861,"T6067"
15227343307101,56795797684573,"T4019"
15227332395357,56795758559581,"T5113"
15227365392733,56795880128861,"T4052"
15227348812125,56795823210845,"T4049"
15227330199901,56795752825181,"KD11010"
15227352580445,56795837235549,"T1084"
15227346846045,56795814658397,"T6179"
15227360641373,56795864465757,"TA5786"
15230933434717,56809883566429,"KD00830"
15227357167965,56795852112221,"TA5787"
15227324760413,56795728281949,"KD12748"
15227345633629,56795808596317,"T5455"
15227355464029,56795847131485,"KD17161"
15227357561181,56795852996957,"TA5758"
15227334623581,56795764490589,"KD11009"
15227361689949,56795867677021,"TA5788"
15227357888861,56795854111069,"TA5752"
15227354644829,56795845886301,"6822"
15227271610717,56795553333597,"KD13161"
15227313815901,56795686011229,"KD12735"
15227321287005,56795716616541,"KD13897"
15227314078045,56795687125341,"KD12705"
15227322204509,56795719663965,"KD13092"
15227309687133,56795675689309,"KD12736"
15227313619293,56795685060957,"KD12754"
15227310965085,56795677884765,"KD13849"
15227351302493,56795831927133,"4251"
15227355857245,56795847852381,"T6225"
15227353137501,56795839791453,"802896"
15227353563485,56795841954141,"TA5783"
15227356643677,56795850473821,"TA9295"
15230933598557,56809884254557,"KD00773"
15227370570077,56795899593053,"P2133"
15227323580765,56795724317021,"KD12699"
15227309424989,56795675427165,"KD12737"
15227347468637,56795817017693,"TA9622"
15227353727325,56795842806109,"T5024"
15227350909277,56795830583645,"T5023"
15227335508317,56795766849885,"T5125"
15227292090717,56795632697693,"KD23165"
15227294482781,56795641741661,"KD24598"
15227269742941,56795545633117,"KD01215"
15227336163677,56795770192221,"T5933"
15230933827933,56809884975453,"KD00746"
15227351892317,56795834548573,"5148"
15227348287837,56795820753245,"T5126"
15227330789725,56795753742685,"8383GOLD"
15227336786269,56795772649821,"8387S"
15230934581597,56809888219485,"KD00810"
15230933991773,56809885630813,"TY660"
15230934188381,56809886679389,"KD14088"
15230934712669,56809888874845,"KD29486"
15227338916189,56795782545757,"KD13781"
15230934876509,56809889628509,"KD00726"
15227362771293,56795871904093,"K9554"
15230935466333,56809891496285,"KD31668"
15227360149853,56795862630749,"KD22704"
15227347992925,56795819114845,"6838"
15227312111965,56795679326557,"KD12739"
15227343569245,56795798962525,"T5922"
15227359854941,56795861582173,"TA5785"
15227353858397,56795843428701,"T5121"
15230980882781,56810112483677,"KD20361"
15227339735389,56795785625949,"T5109"
15230969217373,56810080371037,"TY2420"
15227362214237,56795870069085,"4357POINGOLD"
15227346321757,56795812135261,"KD13903"
15227363492189,56795875475805,"4357ELF"
15227361886557,56795868791133,"4357GOLDSTR"
15227351105885,56795831271773,"8231"
15227362017629,56795869413725,"4357ROBINGOLD"
15227361395037,56795866562909,"4357SILSTR"
15227311096157,56795678015837,"KD12747"
15227311227229,56795678146909,"KD11567"
15230935105885,56809890349405,"KD14089"
15227311456605,56795678376285,"KD12752"
15227308704093,56795674050909,"KD12707"
15227347042653,56795815313757,"T4676"
15227322663261,56795721564509,"KD11569"
15227332264285,56795758395741,"KD14234"
15227368374621,56795891761501,"KD21548"
15227369193821,56795894317405,"KD21547"
15227340620125,56795787952477,"T5910"
15227295400285,56795646263645,"KD25335"
15227295301981,56795645772125,"KD25334"
15227295203677,56795645509981,"KD25333"
15227295138141,56795644789085,"KD25332"
15230935269725,56809891037533,"KD00796"
15227348418909,56795821343069,"T5931"
15227340095837,56795786641757,"9920RED"
15227331641693,56795756429661,"8801"
15230935695709,56809891725661,"KD31568"
15227342881117,56795796111709,"T4068"
15227339243869,56795784053085,"6038"
15227370439005,56795899068765,"CR0413S"
15227343896925,56795800306013,"T4673"
15227310244189,56795676639581,"KD12969"
15227271119197,56795550908765,"KD13146"
15227323744605,56795724841309,"KD12734"
15227322827101,56795722023261,"KD11570"
15227309326685,56795675328861,"KD13869"
15227312013661,56795678867805,"KD11568"
15230935859549,56809891922269,"KD04749"
15230936056157,56809892217181,"KD18267"
15230936285533,56809896345949,"KD29595"
15230936416605,56809902604637,"TY792"
15230961877341,56810058809693,"TY5903"
15227339604317,56795785494877,"KSTCK1"
15227306672477,56795671331165,"KD12740"
15227327021405,56795742503261,"KD11565"
15227271315805,56795551760733,"KD13147"
15230975377757,56810098032989,"TY7245"
15227372798301,56795905917277,"KD13097"
15230981046621,56810112778589,"KD16888"
15227311751517,56795678671197,"KD12696"
15227334033757,56795762884957,"T1000"
15227340783965,56795788804445,"T5123"
15227346649437,56795813839197,"T1104"
15230936711517,56809910829405,"KD29593"
15230937170269,56809929965917,"KD00771"
15230937399645,56809933832541,"KD00770"
15227345109341,56795806040413,"KD12302"
15230979637597,56810108780893,"TY2525"
15230936842589,56809914335581,"KD00814"
15230937039197,56809923543389,"KD29594"
15227372274013,56795904016733,"P2431"
15230938120541,56809954017629,"KD00827"
15230938284381,56809957622109,"KD00745"
15227338621277,56795781267805,"6109"
15230938448221,56809962373469,"KD30614"
15227321942365,56795718517085,"KD13879"
15230938612061,56809967452509,"KD29459"
15227335213405,56795765801309,"5111"
15227331379549,56795755839837,"KD10157"
15227321418077,56795717140829,"KD13915"
15227334197597,56795763245405,"T1157"
15230938710365,56809967878493,"KD29480"
15230938939741,56809968763229,"KD29488"
15230939103581,56809974956381,"KD29479"
15227310899549,56795677688157,"KD13930"
15227334918493,56795765080413,"T4679"
15227341701469,56795791786333,"KD17046"
15227324498269,56795727462749,"KD12750"
15227342455133,56795795030365,"3201"
15227355726173,56795847721309,"T4678"
15227341570397,56795791196509,"T4680"
15227358970205,56795857715549,"8798"
15227341242717,56795789984093,"KD12285"
15227320959325,56795715830109,"KD15212"
15227306934621,56795671724381,"KD15205"
15230939431261,56809976070493,"KD04738"
15230939693405,56809976529245,"KD00826"
15230939988317,56809977381213,"KD04727"
15227349729629,56795826291037,"T1008"
15230974525789,56810096951645,"TY8263"
15227370930525,56795900608861,"P2442"
15227369947485,56795897102685,"P2690"
15227346026845,56795810464093,"T4072"
15227372110173,56795903852893,"KD12284"
15227335377245,56795766489437,"KD13179"
15227352842589,56795838480733,"6360"
15227336589661,56795771961693,"T1225"
15227347304797,56795816427869,"T5457"
15227353268573,56795840643421,"T1223"
15227351597405,56795833074013,"T4042"
15227341898077,56795792441693,"T1226"
15227332559197,56795758723421,"T6101"
15227309490525,56795675459933,"KD12738"
15227329839453,56795751481693,"8002"
15227356021085,56795848016221,"T6811"
15230940152157,56809978790237,"KD14090"
15227368210781,56795890942301,"P2548"
15230940381533,56809979478365,"KD00719"
15230442832221,56808104755549,"UNI90688"
15230940578141,56809980133725,"KD04746"
15227340947805,56795788968285,"KD14784"
15230940741981,56809980559709,"KD25707"
15227335803229,56795768619357,"KD11012"
15227306115421,56795670511965,"KD15215"
15227321123165,56795716452701,"KD15213"
15227336425821,56795771109725,"T5290"
15227333902685,56795762426205,"6013"
15227314241885,56795687813469,"KD13885"
15230941331805,56809982787933,"KD00798"
15230940938589,56809981346141,"TY8027"
15227335639389,56795767767389,"6125"
15227344650589,56795804074333,"T4059"
15227305820509,56795669856605,"KD14240"
15227371323741,56795901690205,"KD13906"
15227315716445,56795693908317,"KD18951"
15227305328989,56795669168477,"KD15194"
15227371782493,56795903230301,"KD26642"
15227372372317,56795904409949,"P1028"
15227320828253,56795715207517,"KD15210"
15227371454813,56795902181725,"KD19126"
15227308474717,56795673821533,"KD13875"
15227322335581,56795720155485,"KD13562"
15227319058781,56795708850525,"KD15197"
15230941430109,56809983082845,"TY4911"
15227370766685,56795900117341,"KD12283"
15227373125981,56795907555677,"P1007"
15227307884893,56795673067869,"KD13565"
15227359494493,56795860140381,"T5041"
15227368702301,56795893039453,"KD19125"
15227337900381,56795777696093,"6700"
15227290517853,56795625226589,"KD20783"
15227358085469,56795854799197,"T5004"
15227368898909,56795893367133,"P1006"
15227344290141,56795802370397,"T5069"
15227321778525,56795718025565,"KD14207"
15227367883101,56795889500509,"KD29219"
15227290255709,56795624112477,"KD20781"
15227290354013,56795624472925,"KD20782"
15230782112093,56809320382813,"KD33105"
15230782177629,56809320448349,"KD04969"
15230941626717,56809983869277,"KD31906"
15230374216029,56807889338717,"KD32426"
15227314569565,56795689419101,"KD14241"
15230981210461,56810112942429,"KD21875"
15230369923421,56807882588509,"KD31746"
15230981243229,56810112975197,"KD20528"
15230981275997,56810113007965,"KD27172"
15230981308765,56810113040733,"KD15958"
15227366080861,56795882717533,"4175"
15227366900061,56795887108445,"KD17124"
15227353432413,56795841331549,"KD14055"
15227365785949,56795881767261,"KD19820"
15227366343005,56795883897181,"KD20474"
15227366736221,56795886223709,"KD20475"
15227364082013,56795877704029,"6170"
15227365982557,56795882389853,"KD20084"
15227365654877,56795880882525,"KD25114"
15227364540765,56795878261085,"KD25116"
15227364999517,56795879309661,"KD25108"
15227366474077,56795884683613,"KD20131"
15227365163357,56795879768413,"KD25040"
15227367031133,56795887239517,"KD20085"
15227363819869,56795877441885,"KD21280"
15227366605149,56795885502813,"KD20405"
15227364442461,56795878130013,"KD20130"
15227364311389,56795878031709,"KD25117"
15227333575005,56795761705309,"KD12223"
15227334754653,56795764719965,"KD18664"
15230941888861,56809984786781,"KD32130"
15227313324381,56795684143453,"KD13563"
15230981374301,56810113204573,"KD14159"
15260092825949,56937889038685,"KD14159"
15227367686493,56795888779613,"KD21335"
15230981144925,56810112876893,"KD11288"
15230942052701,56809985212765,"KD30615"
15230942282077,56809985737053,"KD31443"
15230371922269,56807885930845,"KD31726"
15227355300189,56795846902109,"6001"
15230942478685,56809986457949,"KD31665"
15230942740829,56809987211613,"KD31901"
15230942937437,56809987834205,"KD30952"
15230943101277,56809988620637,"KD30949"
15230943265117,56809989308765,"KD30951"
15230943461725,56809990226269,"KD04714"
15230943756637,56809990816093,"KD30408"
15230943887709,56809991438685,"KD30402"
15230981570909,56810113401181,"KD30198"
15230944084317,56809992225117,"KD31564"
15230375330141,56807891075421,"KD32434"
15230944313693,56809993601373,"KD31892"
15230944575837,56809995010397,"KD32110"
15227349926237,56795826946397,"KD13524"
15230944805213,56809996026205,"KD30888"
15230945198429,56809997238621,"KD23324"
15230945427805,56809997566301,"KD32112"
15230945657181,56809998123357,"KD30404"
15230375199069,56807890944349,"KD32427"
15230945821021,56809998352733,"KD30263"
15230981734749,56810113696093,"KD30189"
15227320598877,56795714617693,"KD15203"
15230782275933,56809320546653,"KD04997"
15230782308701,56809320579421,"KD04955"
15230372217181,56807886258525,"KD32238"
15230782407005,56809320677725,"KD33122"
15230782472541,56809320808797,"KD04956"
15230782570845,56809320907101,"KD04994"
15230946115933,56809999073629,"KD04726"
15227342061917,56795792867677,"8671"
15230946312541,56809999270237,"KD31254"
15230981439837,56810113270109,"KD10101"
15230946443613,56809999401309,"KD21369"
15227320303965,56795714355549,"KD15202"
15227315224925,56795692138845,"KD15204"
15230376214877,56807893270877,"KD32432"
15227308573021,56795673919837,"KD12695"
15230981898589,56810114056541,"KD28906"
15230985437533,56810119430493,"KD11287"
15230946574685,56809999892829,"KD27794"
15230375657821,56807891435869,"KD32429"
15230946869597,56810001596765,"KD31578"
15230985273693,56810119266653,"KD13632"
15230972854621,56810092298589,"KD16015"
15230947098973,56810002350429,"KD29725"
15230947361117,56810004676957,"KD30925"
15230370120029,56807882752349,"KD31725"
15230947688797,56810006577501,"KD31664"
15230376345949,56807893434717,"KD32436"
15230947819869,56810007069021,"KD31904"
15230993793373,56810142105949,"KD11285"
15230948082013,56810007396701,"KD29718"
15230948344157,56810008052061,"KD31672"
15230948540765,56810009166173,"KD31902"
15230375231837,56807890977117,"KD32437"
15230949458269,56810014179677,"KD29717"
15230949654877,56810014900573,"KD29720"
15230375821661,56807891829085,"KD32435"
15230949851485,56810015359325,"KD30924"
15230950015325,56810016080221,"KD30977"
15230950244701,56810016997725,"KD31572"
15230950474077,56810017980765,"KD29955"
15230950736221,56810018996573,"KD31905"
15230950867293,56810019455325,"TY1976YELLOW"
15230372905309,56807887143261,"KD32430"
15230951129437,56810020045149,"KD31671"
15227309621597,56795675623773,"KD12749"
15227304575325,56795668087133,"KD13842"
15230951424349,56810021224797,"KD31253"
15230982029661,56810114220381,"KD14158"
15230951686493,56810022142301,"KD29959"
15230951948637,56810022830429,"KD15107"
15230370611549,56807883833693,"KD31756"
15230370447709,56807883669853,"KD31743"
15230372348253,56807886389597,"KD32240"
15230982226269,56810114384221,"HTI1680759"
15230370185565,56807882850653,"KD31759"
15230373953885,56807889076573,"KD32227"
15230372610397,56807886848349,"KD31758"
15230370742621,56807883964765,"KD31757"
15230371266909,56807884751197,"KD32239"
15230952309085,56810023977309,"KD21329"
15230952702301,56810025288029,"KD30964"
15230952866141,56810026205533,"KD30961"
15230953193821,56810027417949,"KD30260"
15230982455645,56810114613597,"KD17745"
15230982521181,56810114810205,"KD30188"
15230384734557,56807913161053,"91163"
15230953423197,56810028499293,"KD27768"
15230371594589,56807885603165,"KD32230"
15230953685341,56810029187421,"KD29596"
15230372413789,56807886651741,"KD17811"
15230371823965,56807885832541,"KD17808"
15230371168605,56807884652893,"KD17810"
15230458593629,56808157217117,"KD14982"
15227319386461,56795710521693,"KD15198"
15227348156765,56795820032349,"T6127"
15230927405405,56809860268381,"KD33587"
15230372708701,56807886913885,"KD32226"
15227330560349,56795753185629,"8668"
15227362935133,56795872592221,"TA5754"
15230953947485,56810030367069,"KD29181"
15227357757789,56795853685085,"KD14236"
15227356512605,56795849818461,"KD14235"
15227347599709,56795817541981,"KD14237"
15230782636381,56809320972637,"KD04971"
15230782767453,56809321103709,"KD04954"
15230954144093,56810031546717,"TY9138"
15227337441629,56795775500637,"T5249"
15227367227741,56795887436125,"6826"
15230954340701,56810032562525,"KD19798"
15230954668381,56810034233693,"KD18264"
15227360969053,56795865186653,"9565P"
15230467768669,56808190509405,"KD16677"
15227330363741,56795752989021,"KD17111"
15227362345309,56795871052125,"9562"
15227337048413,56795773960541,"8797"
15227329675613,56795751317853,"KD16660"
15230982848861,56810115236189,"KD29658"
15230782898525,56809321234781,"KD04941"
15230782964061,56809321333085,"KD04940"
15230954930525,56810035216733,"KD00755"
15230955094365,56810036134237,"KD27776"
15230955585885,56810038165853,"KD31888"
15227371651421,56795902738781,"P2434"
15230783095133,56809321693533,"KD04999"
15230370480477,56807883702621,"KD31733"
15230373134685,56807887798621,"KD31790"
15230982979933,56810115498333,"KD24220"
15230983111005,56810115694941,"KD32504"
15230983209309,56810115957085,"KD31346"
15227280294237,56795588297053,"KD13688"
15227287535965,56795619164509,"KD13714"
15227287372125,56795618541917,"KD13713"
15227287241053,56795617821021,"KD13712"
15227286421853,56795614347613,"KD13709"
15227280032093,56795587117405,"KD13687"
15227274264925,56795562508637,"KD13669"
15227286913373,56795616313693,"KD13711"
15227285963101,56795612315997,"KD13707"
15227279671645,56795586396509,"KD13686"
15227287699805,56795619721565,"KD13715"
15227286159709,56795613036893,"KD13708"
15227279180125,56795584201053,"KD13685"
15227282948445,56795600781661,"KD13696"
15227278852445,56795582431581,"KD13684"
15227277279581,56795576074589,"KD13678"
15227273970013,56795561820509,"KD13668"
15227281211741,56795592294749,"KD13691"
15227292516701,56795633549661,"KD23484"
15227270922589,56795549991261,"KD12733"
15227283210589,56795601961309,"KD13697"
15227270267229,56795547730269,"KD02798"
15227296383325,56795648426333,"KD29002"
15227270005085,56795546714461,"KD01219"
15227285242205,56795609825629,"KD13704"
15227296547165,56795648885085,"KD29005"
15227296481629,56795648819549,"KD29003"
15227295695197,56795646886237,"KD28973"
15227295564125,56795646591325,"KD28971"
15227295662429,56795646755165,"KD28972"
15227295760733,56795647115613,"KD28976"
15227296088413,56795648000349,"KD28981"
15227296022877,56795647738205,"KD28980"
15227295924573,56795647607133,"KD28979"
15227270562141,56795548680541,"KD11534"
15227293958493,56795640004957,"KD24596"
15227293663581,56795637055837,"KD24594"
15227276820829,56795573715293,"KD13677"
15227296645469,56795648983389,"KD30039"
15227289502045,56795622801757,"KD19513"
15227288781149,56795621556573,"KD18899"
15227288551773,56795621261661,"KD18898"
15227296711005,56795649179997,"KD31075"
15227291435357,56795629715805,"KD22768"
15227221967197,56795355840861,"KD01206"
15227280818525,56795590590813,"KD13690"
15227295105373,56795644723549,"KD25331"
15227291271517,56795628896605,"KD22487"
15227289076061,56795622244701,"KD18900"
15227296842077,56795649311069,"KD32660"
15227287994717,56795620540765,"KD15716"
15227276624221,56795572633949,"KD13676"
15227290812765,56795626766685,"KD20785"
15227289895261,56795623358813,"KD20779"
15227290616157,56795625685341,"KD20784"
15227262468445,56795516895581,"KD01214"
15227282063709,56795596718429,"KD13693"
15227285799261,56795611562333,"KD13706"
15227289764189,56795623194973,"KD20763"
15227282686301,56795599569245,"KD13695"
15227291631965,56795630698845,"KD23049"
15227291926877,56795632140637,"KD23164"
15227285012829,56795608449373,"KD13703"
15227292385629,56795633385821,"KD23483"
15227271938397,56795554480477,"KD13574"
15227295498589,56795646394717,"KD25336"
15227277607261,56795577123165,"KD13679"
15227284816221,56795607433565,"KD13702"
15227292254557,56795632927069,"KD23298"
15227292778845,56795634073949,"KD23485"
15227294253405,56795640725853,"KD24597"
15227278033245,56795578630493,"KD13681"
15227280589149,56795589443933,"KD13689"
15227293401437,56795635908957,"KD23699"
15227293073757,56795634729309,"KD23698"
15227295859037,56795647443293,"KD28978"
15227282358621,56795598192989,"KD13694"
15227278393693,56795580334429,"KD13682"
15227284259165,56795606090077,"KD13700"
15227292877149,56795634205021,"KD23697"
15227289239901,56795622441309,"KD18901"
15227285537117,56795610480989,"KD13705"
15227294974301,56795644232029,"KD25330"
15227294712157,56795642823005,"KD24599"
15227278590301,56795581251933,"KD13683"
15227296285021,56795648328029,"KD29000"
15227274658141,56795564081501,"KD13670"
15227288125789,56795620671837,"KD16761"
15227284521309,56795606516061,"KD13701"
15227283407197,56795602944349,"KD13698"
15227281572189,56795594162525,"KD13692"
15227284029789,56795605074269,"KD13699"
15227368538461,56795892449629,"KD20917"
15227370275165,56795898511709,"KD24463"
15227371094365,56795901067613,"KD24462"
15230372512093,56807886750045,"KD31722"
15230369300829,56807881736541,"KD31719"
15230983274845,56810116088157,"1372446"
15227370111325,56795897725277,"KD29220"
15227371979101,56795903557981,"KD20223"
15227369587037,56795895595357,"KD20218"
15227368997213,56795893825885,"KD20220"
15227367522653,56795888189789,"KD20224"
15227343044957,56795796832605,"KD15630"
15230983569757,56810116841821,"KD32387"
15260092891485,56937889235293,"KD32387"
15230983733597,56810116972893,""
15260092924253,56937889268061,"KD25942"
15230983831901,56810117267805,"KD30187"
15230984028509,56810117595485,"KD29660"
15230984159581,56810117988701,"KD32388"
15230955782493,56810039083357,"KD00708"
15230955946333,56810039902557,"KD00786"
15227335999837,56795769569629,"KD19281"
15230984290653,56810118119773,"KD31342"
15230956142941,56810040820061,"KD04744"
15230783226205,56809322021213,"KD04962"
15230783324509,56809322119517,"KD04958"
15227358806365,56795857060189,"KD12490"
15230783488349,56809322283357,"KD32511"
15230783783261,56809322676573,"KD04965"
15230783881565,56809323004253,"KD04966"
15230784078173,56809323790685,"KD04977"
15230784176477,56809323888989,"KD04963"
15230784242013,56809323954525,"KD04964"
15230784274781,56809323987293,"KD04976"
15230784373085,56809324085597,"KD04980"
15230784569693,56809324249437,"KD04981"
15230956372317,56810041540957,"KD00781"
15230956536157,56810042196317,"KD00749"
15230984388957,56810118218077,"KD32392"
15230956699997,56810042949981,"KD00730"
15230957060445,56810043375965,"KD04733"
15230957289821,56810043965789,"KD00785"
15230957486429,56810044784989,"KD29481"
15230993957213,56810142269789,"HTI1371769"
15230957683037,56810045604189,"KD04735"
15230957879645,56810046226781,"KD32109"
15230372086109,56807886127453,"KD31796"
15230958010717,56810046652765,"KD00823"
15230982619485,56810114941277,"KD16143"
15230958174557,56810047078749,"TY8262"
15230958502237,56810048291165,"KD25591"
15230984487261,56810118316381,"HTI1371943"
15230371332445,56807884783965,"KD31752"
15227331019101,56795754299741,"KD12287"
15227331772765,56795756822877,"KD12303"
15227342356829,56795793817949,"KD12224"
15227350155613,56795827667293,"8006"
15230784602461,56809324314973,"KD33143"
15230784667997,56809324380509,"KD33135"
15230984847709,56810118807901,"KD33149"
15230984978781,56810118938973,"KD15648"
15230784766301,56809324478813,"KD04979"
15230784864605,56809324544349,"KD04978"
15227436728669,56796147679581,"KD05272"
15227437384029,56796150071645,"KD05271"
15227437252957,56796149743965,"KD05270"
15227436269917,56796146008413,"KD05276"
15227436106077,56796145221981,"KD05275"
15227439841629,56796160459101,"KD05242"
15227438235997,56796153577821,"KD05243"
15227440234845,56796162294109,"KD05241"
15227441545565,56796167766365,"KD05269"
15227440005469,56796161278301,"KD05246"
15227437875549,56796152004957,"KD05245"
15227440398685,56796162916701,"KD05244"
15227435614557,56796143845725,"KD05248"
15227436433757,56796146598237,"KD05262"
15227435417949,56796143124829,"KD05277"
15227435254109,56796142207325,"KD05278"
15227443020125,56796170322269,"KD23314"
15227441152349,56796166160733,"KD05264"
15227438498141,56796154790237,"KD05247"
15227439645021,56796159476061,"KD05252"
15227439513949,56796158820701,"KD05251"
15227437711709,56796151447901,"KD05261"
15227438891357,56796156199261,"KD05249"
15227439350109,56796158067037,"KD05250"
15227442757981,56796170027357,"KD05265"
15227441348957,56796167045469,"KD05266"
15227436892509,56796148236637,"KD05274"
15227437089117,56796149023069,"KD05273"
15227438661981,56796155347293,"KD05257"
15227439120733,56796157149533,"KD05255"
15227442495837,56796169175389,"KD05267"
15227441742173,56796168323421,"KD05268"
15227437547869,56796150825309,"KD05263"
15227440529757,56796163572061,"KD05258"
15227438072157,56796152693085,"KD05259"
15227435843933,56796144402781,"KD05260"
15227440726365,56796164456797,"KD05253"
15227440988509,56796165505373,"KD05254"
15230958960989,56810050191709,"KD00817"
15230959092061,56810050748765,"KD33477"
15230975181149,56810097803613,"TY7771"
15230985142621,56810119102813,"KD20394"
15230959223133,56810051633501,"KD32107"
15227349238109,56795824456029,"kd14257"
15230784962909,56809324642653,"KD04985"
15227273675101,56795561296221,"KD13666"
15230959452509,56810052223325,"KD00819"
15227361493341,56795867021661,"9908"
15230959616349,56810052780381,"KD04748"
15230960140637,56810054091101,"KD00805"
15230985634141,56810119725405,"KD16145"
15230985830749,56810119922013,"KD25883"
15230985994589,56810120085853,"KD31836"
15230986125661,56810120347997,"KD18953"
15230986256733,56810120479069,"KD29681"
15230986486109,56810120937821,"KD24214"
15230986584413,56810121036125,"HTI1394513"
15230986748253,56810121199965,"KD25144"
15230987010397,56810121593181,"KD16056"
15230987174237,56810121855325,"KD24216"
15230960468317,56810055500125,"KD30978"
15230960795997,56810057007453,"KD30254"
15230960927069,56810057204061,"KD04722"
15230371463517,56807885472093,"KD32235"
15230375133533,56807890878813,"KD32229"
15230785028445,56809324740957,"KD04924"
15230785093981,56809324806493,"KD04925"
15227354055005,56795844280669,"9802_GHOST"
15230987338077,56810122019165,"1373286"
15230961123677,56810057531741,"KD30955"
15230467539293,56808190214493,"KD30328"
15230467309917,56808189821277,"KD12446"
15230466556253,56808189034845,"KD31200"
15230466359645,56808188805469,"KD27332"
15230466130269,56808188576093,"KD27334"
15230465966429,56808188412253,"KD23231"
15230465802589,56808188248413,"KD31164"
15230961385821,56810058318173,"KD25739"
15230987469149,56810122150237,"KD30186"
15230961713501,56810058645853,"KD29522"
15227358314845,56795855421789,"T9628"
15227361100125,56795865645405,"4357GOLDBOR"
15230927569245,56809861153117,"KD33589"
15227272528221,56795557462365,"KD13644"
15230373593437,56807888716125,"KD32232"
15230373298525,56807888126301,"KD32188"
15230962041181,56810058973533,"KD25709"
15230982750557,56810115105117,"1373132"
15230987600221,56810122248541,"KD30617"
15230987731293,56810122510685,"KD31834"
15230962336093,56810059628893,"KD31571"
15230962565469,56810059825501,"KD27791"
15230987829597,56810122608989,"KD16890"
15227360837981,56795865055581,"98074G"
15230992646493,56810136666461,"HTI1372493"
15230992744797,56810136764765,"HTI1372491"
15227362607453,56795871412573,"TA5762"
15230987960669,56810122740061,"KD23623"
15227349041501,56795823931741,"KD16040"
15230962729309,56810061005149,"KD00744"
15230962958685,56810061758813,"KD24055"
15230963351901,56810062184797,"KD30400"
15230963482973,56810062315869,"KD00734"
15230785192285,56809324970333,"KD04944"
15227358576989,56795856503133,"59303"
15227354906973,56795846148445,"T6365"
15230988157277,56810122903901,"KD29226"
15230988255581,56810123100509,"KD30190"
15230988419421,56810123362653,"KD30194"
15230991139165,56810127950173,"KD28447"
15230991171933,56810128015709,"KD23598"
15230991204701,56810128048477,"KD28443"
15230991270237,56810128212317,"KD22433"
15230991925597,56810133717341,"KD31347"
15230991958365,56810134077789,"KD25884"
15230992023901,56810134143325,"KD28442"
15230992122205,56810134339933,""
15260093120861,56937889726813,"KD28449"
15230992154973,56810134405469,"KD28446"
15230992253277,56810134700381,"KD28445"
15230992351581,56810134864221,"KD30191"
15230992449885,56810135028061,"KD28444"
15230992515421,56810135093597,"KD32381"
15230992580957,56810135159133,"KD29227"
15260093186397,56937889792349,"KD28450"
15230992843101,56810136863069,"KD28452"
15230992875869,56810136895837,"KD25885"
15230992941405,56810140172637,"KD21874"
15230963548509,56810062381405,"TY7649"
15230963679581,56810062676317,"KD17578"
15230963777885,56810062840157,"KD31889"
15230964007261,56810063167837,"KD32111"
15230964236637,56810064216413,"KD00818"
15230964433245,56810064937309,"KD20535"
15230964662621,56810065461597,"KD19072"
15230964957533,56810066510173,"KD17577"
15230927700317,56809861644637,"KD33592"
15230965186909,56810067362141,"KD00791"
15230965317981,56810067951965,"KD04740"
15230965547357,56810069197149,"TY4307"
15230963155293,56810061955421,"TY6106"
15230965907805,56810071064925,"KD28508"
15230966137181,56810072211805,"KD28507"
15227350384989,56795828617565,"8010"
15230992974173,56810140238173,"KD14160"
15230371692893,56807885701469,"KD31800"
15230966268253,56810073031005,"KD29592"
15230966464861,56810073751901,"KD31441"
15230966923613,56810075619677,"KD29541"
15230967218525,56810076799325,"KD29472"
15230967447901,56810077028701,"KD26833"
15230967611741,56810077192541,"KD26831"
15230967644509,56810077225309,"KD29173"
15230967775581,56810077356381,"KD26832"
15230967939421,56810077815133,"KD31261"
15230968267101,56810078241117,"KD21343"
15230968562013,56810078536029,"KD31250"
15230968889693,56810078830941,"KD21383"
15230969020765,56810079650141,"KD24056"
15230969479517,56810081354077,"KD31247"
15230969643357,56810081976669,"KD00808"
15230969807197,56810082632029,"KD24046"
15230970069341,56810083385693,"KD23868"
15230970233181,56810084204893,"KD24045"
15230970364253,56810084761949,"KD23867"
15230970593629,56810085744989,"KD24057"
15230970691933,56810086629725,"KD23866"
15260092727645,56937888940381,"KD23866"
15230970724701,56810086662493,"KD21340"
15230970954077,56810086990173,"KD21341"
15230971085149,56810087154013,"TY499"
15230971150685,56810087350621,"KD21327"
15230971281757,56810087448925,"KD29576"
15230971314525,56810087514461,"KD04720"
15230971412829,56810087645533,"KD30944"
15230971478365,56810087711069,"KD30953"
15230971642205,56810087973213,"KD30954"
15230971674973,56810088038749,"KD33474"
15227340456285,56795787788637,"KD23120"
15227330036061,56795751678301,"KD22715"
15230971806045,56810088169821,"KD27766"
15230972002653,56810088366429,"TY2"
15230785519965,56809325298013,"KD04986"
15230785716573,56809325494621,"KD04932"
15230785782109,56809325560157,"KD04933"
15230785847645,56809325658461,"KD04931"
15230786077021,56809325887837,"KD05015"
15230786175325,56809326248285,"KD05014"
15230786306397,56809326379357,"KD05012"
15230786404701,56809326477661,"KD05013"
15230786568541,56809326772573,"KD04959"
15230786699613,56809327001949,"KD04960"
15230786830685,56809327133021,"KD31783"
15227315552605,56795692958045,"P2093"
15230972166493,56810089218397,"KD00738"
15230972428637,56810090234205,"KD12090"
15230972625245,56810091413853,"KD31669"
15230972985693,56810093085021,"KD00718"
15230786863453,56809327329629,"KD04968"
15230373495133,56807888617821,"KD31761"
15230370971997,56807884456285,"KD31763"
15230370808157,56807884095837,"KD31762"
15230980227421,56810110648669,"TY8030"
15227346518365,56795813151069,"T7104"
15230973083997,56810093511005,"TY4846"
15230939267421,56809975644509,"KD12087"
15230973477213,56810094428509,"KD00712"
15230973542749,56810094494045,"KD00760"
15230973608285,56810094559581,"KD00739"
15230786961757,56809327493469,"KD04998"
15230973706589,56810094690653,"KD29957"
15227308147037,56795673493853,"KD12701"
15227332788573,56795759116637,"KD22716"
15230973804893,56810094821725,"KD18265"
15230787027293,56809327559005,"KD05002"
15230973870429,56810094952797,"KD00782"
15230973903197,56810095149405,"KD33482"
15230974034269,56810095346013,"KD29666"
15227307196765,56795672019293,"KD13564"
15230974132573,56810095771997,"TY9136"
15230974263645,56810096034141,"KD12082"
15230974427485,56810096853341,"KD00783"
15230993072477,56810140926301,"KD19575"
15230974460253,56810096886109,"KD00779"
15230787092829,56809327624541,"KD04991"
15230993170781,56810141024605,"KD22483"
15230993203549,56810141221213,"KD20392"
15230993301853,56810141352285,"KD32836"
15260093350237,56937889956189,"KD32836"
15230974591325,56810097115485,"KD30256"
15230974689629,56810097213789,"KD30257"
15230974787933,56810097312093,"KD30942"
15230974984541,56810097508701,"KD29775"
15230374445405,56807889600861,"KD31810"
15227356840285,56795851260253,"TA8008"
15227342225757,56795793359197,"T6366"
15230975082845,56810097705309,"KD00714"
15230787191133,56809327722845,"KD05008"
15230787322205,56809327853917,"KD05009"
15230992286045,56810134798685,"KD15517"
15230992417117,56810134929757,"KD15516"
15230993334621,56810141385053,"KD32503"
15227349369181,56795825013085,"T6126"
15230975213917,56810097836381,"KD33480"
15227296776541,56795649245533,"KD31232"
15227367358813,56795887567197,"5350"
15230975279453,56810097869149,"TY7244"
15227350581597,56795829305693,"6015"
15227352088925,56795835203933,"TA1001"
15227305853277,56795670217053,"KD19740"
15227315355997,56795692433757,"KD17475"
15227289633117,56795623031133,"KD20017"
15227352416605,56795836514653,"KD11013"
15227338195293,56795779105117,"4250"
15227343470941,56795798208861,"T5635"
15227275313501,56795567292765,"KD13671"
15227276296541,56795570733405,"KD13674"
15227356152157,56795848540509,"TA5782"
15230369562973,56807882096989,"KD31740"
15230369792349,56807882293597,"KD31735"
15230993367389,56810141417821,"KD32385"
15230993400157,56810141450589,"KD30199"
15230975443293,56810098262365,"KD29478"
15227351433565,56795832680797,"TA5756"
15227347763549,56795818131805,"TA5755"
15230975574365,56810098393437,"KD19952"
15230975607133,56810098458973,"TY1652"
15230975672669,56810098524509,"KD33476"
15230975738205,56810098590045,"TY6547"
15230975869277,56810098721117,"KD00707"
15227333083485,56795760165213,"TA5784"
15230975967581,56810098917725,"KD00774"
15227326824797,56795741585757,"KD10568"
15227325514077,56795734933853,"KD10505"
15230583177565,56808598110557,"KD29909"
15230583341405,56808598274397,"KD29912"
15230583472477,56808598405469,"KD29913"
15230583669085,56808598798685,"KD29917"
15230583767389,56808599781725,"KD29914"
15230583832925,56808599847261,"KD29915"
15230583931229,56808599978333,"KD31813"
15230583996765,56808600043869,"KD24797"
15230584095069,56808600142173,"KD29910"
15230584193373,56808600240477,"KD03860"
15230584291677,56808600338781,"KD03865"
15230584521053,56808601026909,"KD30691"
15230584586589,56808601092445,"KD30692"
15230584652125,56808601157981,"KD30694"
15230584815965,56808602239325,"KD03866"
15230584881501,56808602304861,"KD03867"
15230584979805,56808602403165,"KD32195"
15230585078109,56808602534237,"KD24818"
15230585241949,56808602698077,"KD03856"
15230585635165,56808603058525,"KD03854"
15230585766237,56808603713885,"KD03853"
15230585831773,56808603812189,"KD03855"
15230585995613,56808603976029,"KD29886"
15230586061149,56808604270941,"KD29884"
15230586257757,56808605221213,"KD30680"
15230586454365,56808605548893,"KD30683"
15230586585437,56808608891229,"KD30684"
15230586716509,56808609022301,"KD30685"
15230586814813,56808609120605,"KD30686"
15230586913117,56808609251677,"KD30687"
15230587076957,56808609513821,"KD30688"
15230587404637,56808609874269,"KD31155"
15230587502941,56808609972573,"KD32196"
15230587601245,56808610070877,"KD24800"
15230587666781,56808610169181,"KD24802"
15230587765085,56808610234717,"KD03872"
15230587830621,56808610365789,"KD03904"
15230587928925,56808610464093,"KD03873"
15230588125533,56808611905885,"KD03900"
15230588617053,56808612921693,"KD03879"
15230588780893,56808613183837,"KD03884"
15230588977501,56808613773661,"KD03874"
15230589174109,56808614166877,"KD03883"
15230589239645,56808614232413,"KD03878"
15230589305181,56808614297949,"KD03876"
15230589567325,56808614625629,"KD03881"
15230589731165,56808614789469,"KD03886"
15230589862237,56808614953309,"KD03887"
15230590026077,56808615412061,"KD03907"
15230590550365,56808618787165,"KD03905"
15230590779741,56808619573597,"KD03909"
15230591336797,56808620753245,"KD03899"
15230591598941,56808621179229,"KD03885"
15230591697245,56808621539677,"KD03908"
15230591795549,56808621637981,"KD03875"
15230591861085,56808621703517,"KD03911"
15230591992157,56808621932893,"KD03882"
15230592057693,56808622129501,"KD03891"
15230592155997,56808622227805,"KD03890"
15230592319837,56808622489949,"KD03889"
15230592614749,56808622752093,"KD03888"
15230592713053,56808622981469,"KD25370"
15230593007965,56808624521565,"KD03850"
15230593139037,56808624685405,"KD03851"
15230593237341,56808625045853,"KD24805"
15230593270109,56808625078621,"KD03868"
15230593433949,56808625373533,"KD25371"
15230593532253,56808625537373,"KD03858"
15230593597789,56808625635677,"KD24815"
15230593761629,56808625832285,"KD25369"
15230593892701,56808626094429,"KD27462"
15230593958237,56808626258269,"KD27456"
15230594056541,56808626356573,"KD27460"
15230594154845,56808626487645,"KD27457"
15230594220381,56808626585949,"KD27459"
15230594318685,56808626717021,"KD27458"
15230594351453,56808626782557,"KD27463"
15230594515293,56808627011933,"KD03857"
15230594646365,56808627143005,"KD03859"
15230594810205,56808627306845,"KD24819"
15230594941277,56808627700061,"KD24816"
15230595039581,56808627765597,"KD24817"
15230595170653,56808628748637,"KD03871"
15230595268957,56808630583645,"KD03852"
15230595334493,56808630681949,"KD30696"
15230595563869,56808631370077,"KD29890"
15230595694941,56808631599453,"KD29887"
15230595793245,56808631697757,"KD27731"
15230595891549,56808631894365,"KD29891"
15227400814941,56795996684637,"KD03835"
15227402846557,56796000026973,"KD03833"
15227401142621,56795997077853,"KD03827"
15227402125661,56795998749021,"KD03836"
15227308507485,56795673854301,"KD03837"
15227401273693,56795997208925,"KD03839"
15227402682717,56795999863133,"KD03831"
15227401634141,56795998093661,"KD03832"
15227400388957,56795996029277,"KD03798"
15227402617181,56795999797597,"KD03828"
15227401830749,56795998421341,"KD03840"
15227401797981,56795998388573,"KD03841"
15227401208157,56795997143389,"KD03788"
15227399962973,56795995210077,"KD03829"
15227400978781,56795996848477,"KD03794"
15227401044317,56795996914013,"KD03795"
15227400913245,56795996782941,"KD03793"
15227401339229,56795997274461,"KD03792"
15227400618333,56795996291421,"KD03791"
15227401470301,56795997438301,"KD03789"
15227401896285,56795998486877,"KD03802"
15227401929053,56795998519645,"KD03799"
15227402027357,56795998617949,"KD03803"
15227400192349,56795995701597,"KD03807"
15227402092893,56795998650717,"KD03830"
15227401503069,56795997471069,"KD28288"
15227401863517,56795998454109,"KD03838"
15227402781021,56795999961437,"KD28292"
15227402879325,56796000059741,"KD28291"
15227400749405,56795996619101,"KD28286"
15227400094045,56795995308381,"KD03842"
15227402256733,56795998880093,"KD03847"
15230976164189,56810099147101,"KD00716"
15230976196957,56810099179869,"TY3610"
15230976262493,56810099245405,"KD30251"
15230976459101,56810100326749,"KD29950"
15230927831389,56809862332765,"KD33608"
15230928027997,56809862988125,"KD33609"
15230928224605,56809863545181,"KD33607"
15227356348765,56795849195869,"TA8001"
15230461509981,56808169767261,"KD30160"
15230464721245,56808185233757,"KD24791"
15230463279453,56808179564893,"KD31354"
15230464524637,56808183791965,"KD30226"
15230464295261,56808183103837,"KD28221"
15230457610589,56808153645405,"KD24790"
15230458331485,56808156692829,"KD24798"
15230455087453,56808144437597,"KD24796"
15230463639901,56808180875613,"KD30162"
15230456037725,56808147878237,"KD30161"
15230460723549,56808164098397,"KD17989"
15230460330333,56808163279197,"KD14960"
15230459511133,56808160559453,"KD30016"
15230456529245,56808149352797,"KD30435"
15230455611741,56808146501981,"KD14978"
15230455808349,56808147091805,"KD14979"
15230456791389,56808150303069,"KD14976"
15230457348445,56808152629597,"KD14977"
15230462165341,56808173764957,"KD14967"
15230460461405,56808163901789,"KD14986"
15230459969885,56808161870173,"KD14968"
15230455284061,56808145617245,"KD17990"
15230465409373,56808187461981,"KD28174"
15230456332637,56808148828509,"KD30431"
15230462853469,56808178254173,"KD14974"
15230459674973,56808161182045,"KD30430"
15230460920157,56808166850909,"KD14970"
15230462427485,56808174485853,"KD14972"
15230463115613,56808178975069,"KD24789"
15230465540445,56808187855197,"KD14966"
15230457839965,56808154431837,"KD28222"
15230461772125,56808170750301,"KD14965"
15230463836509,56808181367133,"KD17991"
15230464131421,56808182219101,"KD14944"
15230459281757,56808159641949,"KD14987"
15230463410525,56808180154717,"KD14975"
15230461116765,56808167539037,"KD25799"
15230458921309,56808158396765,"KD24793"
15230458134877,56808155840861,"KD30432"
15230465048925,56808186446173,"KD14948"
15230371070301,56807884554589,"KD31724"
15230976524637,56810100490589,"TY5913"
15230976590173,56810100556125,"KD00788"
15230976655709,56810100621661,"KD00772"
15227325284701,56795733885277,"KD12753"
15230993465693,56810141516125,"KD32383"
15230787453277,56809327984989,"KD04951"
15230787518813,56809328083293,"KD04952"
15230464885085,56808185823581,"KD14961"
15230976852317,56810101801309,"KD20880"
15227372667229,56795905458525,"P1000"
15227372503389,56795904999773,"KD20575"
15230976917853,56810101866845,"KD27783"
15230787682653,56809328214365,"KD04988"
15227341373789,56795790508381,"4674"
15227357364573,56795852570973,"KD13200"
15227291042141,56795627880797,"KD21445"
15227333247325,56795760755037,"7023"
15227337638237,56795776352605,"8382GOLD"
15227350778205,56795830059357,"8382SILVER"
15227316142429,56795695677789,"KD21273"
15227345863005,56795809710429,"KD12221"
15230958731613,56810049012061,"TY7640"
15230977016157,56810102063453,"55609"
15227360444765,56795863712093,"4357SILBOR"
15230787846493,56809328443741,"KD04926"
15230787912029,56809328509277,"KD04927"
15230787944797,56809328542045,"KD04993"
15230928388445,56809864135005,"KD33604"
15230928781661,56809865544029,"KD33590"
15227273150813,56795560608093,"KD13645"
15230977048925,56810102489437,"KD00792"
15227359723869,56795860894045,"5147"
15230954504541,56810033316189,"TY7636"
15230977081693,56810102522205,"KD27777"
15230977147229,56810102686045,"KD29679"
15230788075869,56809328869725,"KD04934"
15230992548189,56810135126365,"HTI1372490"
15230374707549,56807889863005,"KD32245"
15230374543709,56807889699165,"KD32242"
15230374609245,56807889764701,"KD32244"
15230373757277,56807888879965,"KD32194"
15230375035229,56807890780509,"KD32243"
15230375919965,56807891927389,"KD32193"
15230374281565,56807889437021,"KD32192"
15230977212765,56810102751581,"KD29172"
15227345273181,56795806663005,"1048"
15230977278301,56810102849885,"KD25619"
15230373396829,56807888224605,"KD31808"
15230993498461,56810141581661,"KD15959"
15230993596765,56810141811037,"KD15961"
15230977409373,56810102915421,"KD25600"
15230993629533,56810141876573,"1373510"
15230977507677,56810103210333,"TY5167"
15230977704285,56810103538013,"KD00722"
15230977769821,56810103767389,"KD00769"
15227369390429,56795894939997,"KD22675"
15227369816413,56795896349021,"KD22674"
15230977802589,56810103800157,"KD00766"
15230977868125,56810103832925,"KD00767"
15230993695069,56810141942109,"KD27171"
15230374478173,56807889633629,"KD31806"
15230977933661,56810103931229,"KD00732"
15230977966429,56810104160605,"KD31662"
15230978064733,56810104258909,"KD33484"
15230978130269,56810105045341,"KD29970"
15230978163037,56810105078109,"KD04728"
15230976065885,56810099016029,"KD12080"
15227307295069,56795672150365,"KD15190"
15230978195805,56810105143645,"KD30965"
15230993727837,56810142007645,"KD32393"
15230993760605,56810142073181,"KD31343"
15230978228573,56810105209181,"KD00816"
15230978261341,56810105241949,"KD00737"
15227308376413,56795673723229,"KD12751"
15230978359645,56810105373021,"KD00803"
15227345404253,56795807449437,"KD19313"
15230978392413,56810105405789,"KD31893"
15230978523485,56810106290525,"KD30259"
15230978556253,56810106487133,"KD29942"
15230190518621,56807219265885,"KD30833"
15230190289245,56807218610525,"KD30830"
15230189863261,56807217922397,"KD30829"
15230190813533,56807219691869,"KD30825"
15230190387549,56807218905437,"KD30837"
15230190027101,56807218086237,"KD30839"
15230190485853,56807219167581,"KD30823"
15230190879069,56807219790173,"KD30818"
15230189961565,56807218020701,"KD30845"
15230190223709,56807218479453,"KD30819"
15230190616925,56807219495261,"KD30822"
15230190354781,56807218839901,"KD30834"
15230190944605,56807219921245,"KD30832"
15230190453085,56807219102045,"KD24511"
15230190125405,56807218315613,"KD30827"
15230191010141,56807219986781,"KD24509"
15230190420317,56807219003741,"KD30828"
15230189830493,56807217889629,"KD30841"
15230190977373,56807219954013,"KD27854"
15230190551389,56807219364189,"KD30846"
15230190715229,56807219593565,"KD30842"
15227355070813,56795846476125,"KD13488"
15227332690269,56795759018333,"KD12407"
15227352252765,56795835859293,"KD29125"
15227349565789,56795825602909,"T1068"
15227363131741,56795873608029,"KD11436"
15227332952413,56795759247709,"T6068"
15230788141405,56809328935261,"KD04948"
15230788239709,56809329033565,"KD04949"
15230788403549,56809329230173,"KD32995"
15230788534621,56809329426781,"KD33006"
15230788632925,56809329525085,"KD32994"
15230374084957,56807889207645,"KD32241"
15230978621789,56810107011421,"KD29586"
15230978720093,56810107109725,"KD29440"
15230978752861,56810107175261,"KD30399"
15230978818397,56810107371869,"KD29545"
15230978851165,56810107437405,"KD29441"
15230978883933,56810107502941,"KD21973"
15230978916701,56810107535709,"KD29582"
15230788763997,56809329951069,"KD05010"
15230788829533,56809330016605,"KD05011"
15230788927837,56809330409821,"KD04923"
15230789026141,56809330508125,"KD04946"
15230789058909,56809330540893,"KD04953"
15230978982237,56810107601245,"KD00828"
15227308671325,56795674018141,"KD10508"
15227310342493,56795676705117,"KD10509"
15227307852125,56795673035101,"KD10513"
15227310014813,56795676410205,"KD10522"
15227321614685,56795717763421,"KD13926"
15227310834013,56795677491549,"KD20274"
15227307786589,56795672969565,"KD15199"
15227329413469,56795751055709,"KD25949"
15227306738013,56795671363933,"KD10517"
15227310539101,56795676868957,"KD18067"
15227307622749,56795672510813,"KD10511"
15227326169437,56795737784669,"KD10510"
15227305558365,56795669430621,"KD10562"
15227323384157,56795723858269,"KD12698"
15227326333277,56795738571101,"KD10515"
15227327807837,56795746599261,"KD24236"
15227305722205,56795669725533,"KD10504"
15227311063389,56795677983069,"KD10555"
15227308278109,56795673592157,"KD18065"
15227309031773,56795674673501,"KD20276"
15227310866781,56795677524317,"KD10521"
15227304968541,56795668775261,"KD10563"
15227312406877,56795680211293,"KD20437"
15227312603485,56795680932189,"KD20438"
15227310047581,56795676442973,"KD10502"
15227306410333,56795671069021,"KD17479"
15227309752669,56795675885917,"KD17480"
15227310801245,56795677458781,"KD17482"
15227309228381,56795674870109,"KD17481"
15227326628189,56795740504413,"KD10560"
15227319976285,56795714027869,"KD15195"
15227311587677,56795678507357,"KD15196"
15227322499421,56795720712541,"KD12703"
15227311718749,56795678638429,"KD20436"
15227306312029,56795670937949,"KD10520"
15227310408029,56795676770653,"KD10519"
15227328725341,56795750072669,"KD24184"
15227306082653,56795670446429,"KD10561"
15227326497117,56795739685213,"KD10518"
15227325972829,56795736801629,"KD10503"
15227306770781,56795671429469,"KD10564"
15227309949277,56795676344669,"KD10566"
15227323908445,56795725529437,"KD12744"
15227306180957,56795670577501,"KD10512"
15227327643997,56795745780061,"KD24193"
15227315028317,56795691975005,"KD24192"
15227329249629,56795750596957,"KD25944"
15227327971677,56795747254621,"KD24194"
15227304673629,56795668185437,"KD10500"
15227305754973,56795669823837,"KD10516"
15227327185245,56795743387997,"KD11566"
15227311489373,56795678409053,"KD12700"
15227315913053,56795694891357,"KD19949"
15227311358301,56795678277981,"KD24183"
15227310702941,56795677360477,"KD26620"
15227307065693,56795671888221,"KD24190"
15227309556061,56795675558237,"KD24189"
15227316732253,56795698200925,"KD17530"
15227317059933,56795699413341,"KD17533"
15227310768477,56795677426013,"KD17532"
15227328364893,56795748958557,"KD20441"
15227305492829,56795669365085,"KD12746"
15227314897245,56795691024733,"KD17538"
15227310735709,56795677393245,"KD28970"
15227308540253,56795673887069,"KD25247"
15227307819357,56795673002333,"KD10507"
15227317256541,56795700134237,"KD17534"
15227318796637,56795708129629,"KD17537"
15227328201053,56795748139357,"KD25260"
15227307000157,56795671789917,"KD23536"
15227323056477,56795722678621,"KD11670"
15227306279261,56795670905181,"KD29392"
15227314733405,56795690074461,"KD20440"
15227311849821,56795678769501,"KD20439"
15227309916509,56795676148061,"KD12702"
15227328561501,56795749876061,"KD24188"
15227308802397,56795674149213,"KD17531"
15227308409181,56795673755997,"KD17539"
15227306541405,56795671200093,"KD12741"
15227328921949,56795750269277,"KD24185"
15227311259997,56795678179677,"KD24187"
15227310604637,56795677262173,"KD24186"
15227323220317,56795723301213,"KD11999"
15227305984349,56795670380893,"KD12694"
15227308933469,56795674280285,"KD28968"
15227305886045,56795670282589,"KD10501"
15227313095005,56795683127645,"KD19449"
15227311161693,56795678081373,"KD15251"
15227310178653,56795676574045,"KD10556"
15227316535645,56795697480029,"KD17529"
15227312210269,56795679424861,"KD10506"
15227308081501,56795673395549,"KD12742"
15227324268893,56795726807389,"KD12745"
15227316339037,56795696595293,"KD22090"
15227317616989,56795701903709,"KD17535"
15227311620445,56795678540125,"KD17155"
15227308212573,56795673559389,"KD17154"
15227310997853,56795677917533,"KD17157"
15227304903005,56795668349277,"KD19417"
15227307950429,56795673133405,"KD10514"
15227306606941,56795671265629,"KD10565"
15227311915357,56795678835037,"KD24191"
15227308769629,56795674116445,"KD17540"
15227329085789,56795750400349,"KD28969"
15227309130077,56795674771805,"KD25943"
15227327349085,56795744239965,"KD24196"
15227306475869,56795671134557,"KD12704"
15227305623901,56795669496157,"KD10544"
15227310473565,56795676836189,"KD21274"
15230370218333,56807882883421,"KD31802"
15230992777565,56810136797533,"HTI1372492"
15230979015005,56810107634013,"KD17556"
15230928945501,56809866101085,"KD33598"
15230929142109,56809866821981,"KD33596"
15230929305949,56809868624221,"KD33593"
15230929437021,56809869345117,"KD33597"
15230929600861,56809870000477,"KD33591"
15230929961309,56809871278429,"KD33599"
15230930125149,56809871802717,"KD33600"
15230930321757,56809872392541,"KD33595"
15230930583901,56809873146205,"KD33594"
15230930846045,56809873998173,"KD33601"
15230931108189,56809874850141,"KD33602"
15230931304797,56809875407197,"KD33612"
15230931534173,56809876390237,"KD33611"
15230931665245,56809876914525,"KD33613"
15230931829085,56809877438813,"KD33614"
15230931992925,56809878094173,"KD33615"
15230932189533,56809878913373,"KD33616"
15230932386141,56809879929181,"KD33617"
15230932549981,56809880519005,"KD33618"
15230932812125,56809881305437,"KD33619"
15230933074269,56809882059101,"KD33620"
15230952112477,56810023092573,"TY308"
15230993826141,56810142138717,"KD24678"
15230789157213,56809330671965,"KD04936"
15230979146077,56810107732317,"KD29475"
15230375526749,56807891337565,"KD32315"
15230376509789,56807893598557,"KD32314"
15230979244381,56810107994461,"KD29969"
15230979342685,56810108092765,"KD27778"
15230979375453,56810108125533,"KD31666"
15230979473757,56810108387677,"KD25702"
15230979506525,56810108485981,"KD29675"
15230789222749,56809330770269,"KD04942"
15230789321053,56809330999645,"KD04943"
15227400028509,56795995275613,"KD03845"
15230384046429,56807912046941,"KD32734"
15230411276637,56808000553309,"KD32735"
15230392631645,56807938851165,"KD32736"
15230389289309,56807923548509,"KD32737"
15230385848669,56807915061597,"KD32738"
15230386209117,56807915454813,"KD32739"
15230396629341,56807955595613,"KD32741"
15230388371805,56807920304477,"KD32743"
15230387454301,56807918240093,"KD32683"
15230420058461,56808026145117,"KD32684"
15230406656349,56807986725213,"KD32675"
15230385193309,56807914078557,"KD32721"
15230390075741,56807926825309,"KD32723"
15230400954717,56807968637277,"KD32724"
15230388011357,56807919485277,"KD32725"
15230396006749,56807952843101,"KD32726"
15230393581917,56807942226269,"KD32727"
15230392861021,56807939735901,"KD32729"
15230397579613,56807957234013,"KD32730"
15230395613533,56807950942557,"KD32731"
15230387650909,56807918436701,"KD32732"
15230391779677,56807934067037,"KD32705"
15230385291613,56807914176861,"KD32706"
15230383784285,56807911260509,"KD32707"
15230385095005,56807913980253,"KD32709"
15230397350237,56807956349277,"KD32704"
15230384603485,56807912997213,"KD32710"
15230390370653,56807928365405,"KD32711"
15230390796637,56807930102109,"KD32687"
15230388207965,56807919812957,"KD32712"
15230388830557,56807922041181,"KD32714"
15230383882589,56807911883101,"KD32715"
15230388109661,56807919714653,"KD32716"
15230387061085,56807917486429,"KD32718"
15230386602333,56807915815261,"KD32719"
15230387847517,56807919157597,"KD32720"
15230386405725,56807915651421,"KD32802"
15230389846365,56807925973341,"KD32680"
15230400430429,56807966933341,"KD32760"
15230385389917,56807914275165,"KD32685"
15230389682525,56807924957533,"KD32697"
15230410785117,56807997964637,"KD32678"
15230404297053,56807982137693,"KD32698"
15230431986013,56808062026077,"KD32689"
15230389059933,56807922860381,"KD32747"
15230386372957,56807915618653,"KD32748"
15230386504029,56807915749725,"KD32749"
15230405771613,56807984267613,"KD32750"
15230399021405,56807962968413,"KD32751"
15230426710365,56808043544925,"KD32752"
15230393319773,56807941341533,"KD32805"
15230414848349,56808017199453,"KD32696"
15230401347933,56807970177373,"KD32690"
15230386930013,56807917388125,"KD32702"
15230397808989,56807958085981,"KD32676"
15230395384157,56807950287197,"KD32753"
15230397022557,56807956021597,"KD32754"
15230391484765,56807933772125,"KD32755"
15230394368349,56807945339229,"KD32756"
15230392107357,56807935803741,"KD32757"
15230394761565,56807947075933,"KD32758"
15230384439645,56807912833373,"KD32688"
15230387585373,56807918371165,"KD32800"
15230417338717,56808020377949,"KD32695"
15230401610077,56807971520861,"KD32795"
15230412095837,56808004452701,"KD32801"
15230403379549,56807978959197,"KD32806"
15230388601181,56807921189213,"KD32703"
15230384374109,56807912538461,"KD32807"
15230395810141,56807951991133,"KD32796"
15230384996701,56807913390429,"KD25457"
15230439194973,56808089911645,"KD03478"
15230452138333,56808135623005,"KD03469"
15230451253597,56808132837725,"KD03468"
15230428905821,56808052261213,"KD03547"
15230419632477,56808025325917,"KD03548"
15230454595933,56808143356253,"KD03630"
15230424645981,56808036729181,"KD03470"
15230437163357,56808083980637,"KD03516"
15230447059293,56808120353117,"KD03471"
15230432608605,56808064024925,"KD03472"
15230409212253,56807993508189,"KD03474"
15230387290461,56807917781341,"KD30709"
15230386667869,56807916568925,"KD30705"
15230393090397,56807940456797,"UNI80889"
15230407213405,56807988986205,"KD30710"
15230411473245,56808001470813,"KD30707"
15230384669021,56807913095517,"KD03477"
15230399316317,56807963656541,"KD30711"
15230389453149,56807923974493,"KD30708"
15230399742301,56807964606813,"KD03587"
15230397972829,56807958249821,"KD03634"
15230402363741,56807974404445,"KD03632"
15230428250461,56808050131293,"KD03635"
15230418944349,56808023458141,"KD03633"
15230400627037,56807967654237,"KD03588"
15230406197597,56807984922973,"KD03585"
15230415700317,56808018706781,"KD03586"
15230433919325,56808072511837,"KD03584"
15230412718429,56808010088797,"KD03583"
15230395122013,56807948845405,"KD03625"
15230441554269,56808100823389,"KD03626"
15230430216541,56808056750429,"KD03577"
15230399971677,56807965262173,"KD03578"
15230428512605,56808051212637,"KD03623"
15230398234973,56807959200093,"KD03589"
15230426513757,56808042758493,"KD03484"
15230390567261,56807929250141,"KD03517"
15230396170589,56807954022749,"KD03518"
15230437458269,56808084242781,"KD03531"
15230449975645,56808128250205,"KD03525"
15230450172253,56808128905565,"KD03530"
15230451450205,56808133525853,"KD03534"
15230385684829,56807914799453,"KD03528"
15230449484125,56808127398237,"KD03526"
15230412325213,56808007860573,"KD03535"
15230438277469,56808085881181,"KD03546"
15230441914717,56808102068573,"KD03537"
15230449811805,56808127758685,"KD03523"
15230429528413,56808054489437,"KD03545"
15230383358301,56807910867293,"KD03522"
15230427988317,56808049312093,"KD03536"
15230430937437,56808058945885,"KD03539"
15230451843421,56808134639965,"KD03524"
15230429888861,56808055734621,"KD03532"
15230387159389,56807917650269,"KD03521"
15230444372317,56808111374685,"KD03533"
15230411014493,56807999177053,"KD03529"
15230408524125,56807991968093,"KD03527"
15230445683037,56808115536221,"KD03538"
15230425792861,56808040005981,"KD03495"
15230431691101,56808061141341,"KD03485"
15230440243549,56808093745501,"KD03505"
15230447485277,56808121008477,"KD03496"
15230436442461,56808082800989,"KD03486"
15230421008733,56808028373341,"KD03506"
15230445945181,56808117764445,"KD03497"
15230408819037,56807992623453,"KD03487"
15230426317149,56808042070365,"KD03507"
15230448730461,56808124350813,"KD03498"
15230383587677,56807911096669,"KD03488"
15230432248157,56808062714205,"KD03508"
15230423892317,56808034697565,"KD03499"
15230423302493,56808032928093,"KD03489"
15230410228061,56807996195165,"KD03509"
15230403215709,56807978205533,"KD03500"
15230413570397,56808013463901,"KD03490"
15230439653725,56808091222365,"KD03510"
15230431461725,56808060551517,"KD03501"
15230427726173,56808048525661,"KD03491"
15230417928541,56808021623133,"KD03511"
15230416650589,56808019689821,"KD03502"
15230437720413,56808084701533,"KD03492"
15230421533021,56808029552989,"KD03512"
15230430478685,56808057667933,"KD03503"
15230431101277,56808059568477,"KD03493"
15230436213085,56808082538845,"KD03513"
15230432936285,56808065270109,"KD03504"
15230408294749,56807991345501,"KD03494"
15230435787101,56808081195357,"KD03514"
15230423597405,56808033878365,"KD03574"
15230450925917,56808131821917,"KD03563"
15230445060445,56808113340765,"KD03636"
15230433755485,56808071627101,"KD03564"
15230385455453,56807914340701,"KD03551"
15230447255901,56808120549725,"KD03554"
15230446174557,56808118976861,"KD03565"
15230435197277,56808077918557,"KD03555"
15230435000669,56808077197661,"KD03566"
15230443848029,56808108917085,"KD03556"
15230442275165,56808103444829,"KD03567"
15230418583901,56808022540637,"KD03557"
15230422090077,56808030273885,"KD03568"
15230434705757,56808076181853,"KD03558"
15230436933981,56808083751261,"KD03569"
15230450401629,56808129888605,"KD03570"
15230441128285,56808099381597,"KD03559"
15230443618653,56808107966813,"KD03571"
15230438637917,56808086929757,"KD03560"
15230424973661,56808037646685,"KD03572"
15230426939741,56808044626269,"KD03561"
15230440079709,56808092172637,"KD03573"
15230446829917,56808120123741,"KD03562"
15230446338397,56808119370077,"KD03481"
15230448271709,56808122319197,"KD03582"
15230438932829,56808089190749,"KD03553"
15230439424349,56808090534237,"KD03629"
15230452367709,56808136540509,"KD03590"
15230447911261,56808121434461,"KD03543"
15230404854109,56807983120733,"KD03542"
15230443258205,56808107213149,"KD03576"
15230449025373,56808125301085,"KD03479"
15230449156445,56808126153053,"KD03581"
15230403969373,56807981089117,"KD03575"
15230386012509,56807915258205,"KD03580"
15230413078877,56808011465053,"KD03480"
15230444142941,56808110195037,"KD03642"
15230449353053,56808126939485,"KD32030"
15230444601693,56808112128349,"KD32029"
15230450663773,56808130871645,"KD32031"
15230444765533,56808112685405,"KD03544"
15230436704605,56808083489117,"KD03541"
15230454366557,56808142700893,"KD31107"
15230452498781,56808137032029,"KD03482"
15230434378077,56808075198813,"KD03483"
15230442537309,56808103936349,"KD03549"
15230425366877,56808039088477,"KD03550"
15230454825309,56808143847773,"KD03644"
15230434148701,56808073396573,"KD03592"
15230403805533,56807980433757,"KD03591"
15230433558877,56808068579677,"KD03608"
15230398693725,56807961035101,"KD03595"
15230436016477,56808081981789,"KD03610"
15230422581597,56808031158621,"KD03612"
15230384210269,56807912341853,"KD03593"
15230426087773,56808041021789,"KD03613"
15230406426973,56807985774941,"KD03614"
15230432805213,56808064713053,"KD03609"
15230424318301,56808035647837,"KD03597"
15230435459421,56808079753565,"KD03596"
15230445420893,56808114553181,"KD03601"
15230438080861,56808085061981,"KD03600"
15230433263965,56808067301725,"KD03603"
15230427070813,56808045281629,"KD03605"
15230398857565,56807962214749,"KD03598"
15230413832541,56808014610781,"KD03606"
15230410555741,56807997079901,"KD03604"
15230442111325,56808102756701,"KD03599"
15230441259357,56808099873117,"KD03602"
15230399578461,56807964279133,"KD03607"
15230446666077,56808119763293,"KD03520"
15230448501085,56808123466077,"KD03647"
15230398562653,56807960346973,"KD32759"
15230386733405,56807916732765,"KD32686"
15230392435037,56807937737053,"KD32811"
15230403608925,56807979647325,"KD32803"
15230402789725,56807976075613,"KD32808"
15230432477533,56808063631709,"KD32682"
15230400201053,56807965753693,"KD32799"
15230404559197,56807982825821,"KD32798"
15230429069661,56808053047645,"KD32681"
15230420549981,56808027488605,"KD32692"
15230429299037,56808053866845,"KD32677"
15230453088605,56808138604893,"KD32809"
15230451614045,56808133951837,"KD32810"
15230430708061,56808058356061,"KD32694"
15230789386589,56809331065181,"KD04957"
15230979604829,56810108715357,"KD04730"
15230789550429,56809331360093,"KD05007"
15227333738845,56795762164061,"KD15628"
15230979801437,56810110124381,"TY9687"
15227342750045,56795795980637,"5146"
15227334361437,56795763507549,"6204"
15230979866973,56810110189917,"KD29585"
15255708074333,56916999405917,"KD24217"
15230980129117,56810110550365,"KD30976"
15227288256861,56795620901213,"KD17323"
15230789648733,56809331589469,"KD05006"
15230789747037,56809331687773,"KD04938"
15230789845341,56809331786077,"KD04929"
15230789943645,56809331884381,"KD04928"
15230790009181,56809332113757,"KD04930"
15230369661277,56807882195293,"KD32228"
15230993989981,56810142335325,"KD25880"
15230994022749,56810142368093,"KD25881"
15227331936605,56795757511005,"KD23186"
15227332100445,56795758002525,"KD23188"
15227333411165,56795761312093,"KD23187"
15227337245021,56795774648669,"KD16904"
15230980358493,56810110779741,"KD31565"
15230980489565,56810110943581,"KD31259"
15230980718941,56810111336797,"KD31567"
15227348648285,56795822293341,"8696"
15227360280925,56795863089501,"9561"